type,f,f,f,r,r,r,r,f
src,f1,f2,f3,r1,r2,r3,r4,p
date,,,,,,,,
1993-01-01,10.4,4.393,9.291,0.0,0,0.0,4.0,26.1
1993-01-02,9.95,4.239,8.622,0.0,0,0.8,0.0,24.86
1993-01-03,9.46,4.124,8.057,0.0,0,0.8,0.0,23.6
1993-01-04,9.41,4.363,7.925,2.4,24.8,0.8,61.6,23.47
1993-01-05,26.3,11.962,58.704,11.2,5.6,33.6,111.2,60.7
1993-01-06,32.1,10.237,34.416,0.0,0,1.6,0.8,98.01
1993-01-07,19.3,7.254,22.263,5.6,4,17.6,36.0,56.99
1993-01-08,22.0,7.266,29.587,1.6,0,1.6,2.4,56.66
1993-01-09,35.5,8.153,60.253,14.4,0.8,55.2,104.8,78.1
1993-01-10,51.0,13.276,93.951,20.8,2.4,76.0,136.8,125.7
1993-01-11,65.5,25.561,69.503,10.4,16,12.0,28.0,195.9
1993-01-12,32.0,20.715,40.514,7.2,4,0.8,24.0,125.4
1993-01-13,64.3,36.54,106.753,39.2,8.8,82.8,118.0,161.5
1993-01-14,69.1,28.457,60.325,5.6,1.6,8.0,12.8,204
1993-01-15,94.6,33.761,142.159,36.0,12,72.0,72.0,200.6
1993-01-16,99.0,38.484,77.439,8.8,2.4,7.2,40.0,234.4
1993-01-17,58.2,21.022,57.103,6.4,0.8,0.0,21.6,160.1
1993-01-18,34.1,15.191,42.697,16.8,2.4,44.0,103.2,104.1
1993-01-19,59.8,16.456,79.028,7.2,0,34.4,86.4,136.4
1993-01-20,48.0,18.587,70.19,6.4,0,19.2,26.4,137.1
1993-01-21,42.6,18.687,88.489,27.2,4,51.2,80.4,124.3
1993-01-22,66.6,26.501,74.365,4.8,2.4,6.4,18.4,175.9
1993-01-23,41.4,23.124,101.231,40.8,18.4,62.4,120.4,128.1
1993-01-24,124.0,57.874,138.304,28.0,16.8,7.2,29.6,270.3
1993-01-25,70.0,34.921,62.332,2.4,0,0.0,2.4,206.5
1993-01-26,35.4,18.518,43.343,0.8,0,0.0,9.6,116.4
1993-01-27,33.2,16.112,39.664,3.2,7.2,0.8,12.0,92.52
1993-01-28,36.3,18.059,61.693,0.8,6.4,7.2,84.8,104.3
1993-01-29,33.9,18.287,43.674,0.8,0,4.8,4.0,106
1993-01-30,25.8,15.197,31.682,0.0,0,0.0,2.4,80.07
1993-01-31,22.1,11.821,26.37,0.0,7.2,7.2,4.0,64.14
1993-02-01,20.2,10.624,21.884,0.0,0,0.8,4.8,56.13
1993-02-02,18.4,9.607,19.046,0.0,0,0.8,0.0,50.29
1993-02-03,16.9,6.394,17.181,0.0,0,0.0,0.0,43.38
1993-02-04,15.8,7.112,15.511,0.0,0,0.8,0.0,40.47
1993-02-05,14.9,6.213,14.625,4.8,9.6,0.0,2.4,37.36
1993-02-06,15.5,6.641,14.918,0.8,7.2,4.8,1.6,37.74
1993-02-07,15.8,6.336,14.1,0.0,0,1.6,0.0,38.31
1993-02-08,14.9,6.009,12.959,1.6,0,0.0,0.0,36.22
1993-02-09,14.6,6.448,13.352,0.8,0,0.0,0.0,35.92
1993-02-10,14.7,6.605,13.52,0.0,0,0.0,0.8,36.61
1993-02-11,14.4,6.349,13.019,0.0,0,0.0,0.0,35.6
1993-02-12,13.4,5.806,11.879,0.0,0,0.0,0.0,33.17
1993-02-13,-999.0,5.476,11.051,0.0,0,0.0,0.0,30.73
1993-02-14,11.9,5.275,10.437,0.0,0,0.0,0.0,29.24
1993-02-15,11.4,5.103,9.913,0.0,0,28.8,0.0,27.48
1993-02-16,10.8,4.866,9.478,0.0,0,0.8,0.0,26.18
1993-02-17,10.4,4.676,8.969,0.0,0,8.0,0.0,25.14
1993-02-18,10.3,4.569,8.846,1.6,0,38.4,17.6,24.24
1993-02-19,9.84,4.378,8.552,0.0,0,2.4,0.0,23.59
1993-02-20,9.46,4.089,8.719,0.0,0,6.4,0.8,22.7
1993-02-21,8.87,3.945,8.013,0.0,0,0.0,0.0,21.52
1993-02-22,8.52,3.777,7.723,1.6,0,0.8,1.6,20.43
1993-02-23,8.71,3.617,7.497,0.0,0,1.6,0.0,20.35
1993-02-24,8.5,3.551,7.268,0.0,0,0.0,0.0,20.12
1993-02-25,8.48,3.146,7.078,1.6,0.8,12.0,51.2,19.47
1993-02-26,8.88,3.278,8.167,16.8,15.2,4.8,8.0,20.01
1993-02-27,9.45,3.131,8.87,5.6,0.8,10.4,4.0,21.74
1993-02-28,8.59,2.966,7.842,5.6,15.2,0.8,0.0,20.26
1993-03-01,8.94,3.36,7.604,21.6,16,1.6,11.2,20.76
1993-03-02,11.5,3.4,7.539,1.6,0,0.8,9.6,23.62
1993-03-03,12.5,3.783,7.599,1.6,0,0.8,2.4,26.09
1993-03-04,10.9,3.613,7.571,1.6,0,0.0,0.8,24.17
1993-03-05,11.2,3.698,9.979,0.0,0,2.4,0.8,23.07
1993-03-06,21.8,4.007,18.978,0.0,0,0.0,0.0,41.84
1993-03-07,15.6,3.295,13.159,0.0,0,0.0,0.0,36.05
1993-03-08,11.8,3.052,10.379,0.0,0,0.0,0.0,28.01
1993-03-09,10.5,2.906,9.187,0.0,0,0.0,0.0,24.2
1993-03-10,9.58,2.791,8.292,0.0,0,3.2,4.0,22
1993-03-11,8.99,2.869,7.826,0.0,0.8,5.6,1.6,20.62
1993-03-12,9.03,2.806,7.783,1.6,0,8.0,15.2,20.02
1993-03-13,8.95,2.746,7.741,0.8,0,23.2,6.4,20.56
1993-03-14,9.01,2.643,8.101,0.0,0,61.6,0.0,17.97
1993-03-15,-999.0,2.546,7.179,11.2,0,86.0,19.2,18.06
1993-03-16,-999.0,2.494,7.232,0.8,0,12.8,8.0,17.16
1993-03-17,9.18,2.559,9.854,0.0,0,0.8,4.8,20.06
1993-03-18,9.29,2.519,12.636,5.6,0,6.4,8.8,22.36
1993-03-19,10.7,2.396,11.597,0.0,0,10.4,0.0,25.27
1993-03-20,8.23,2.44,8.606,0.0,0,0.0,4.8,20.08
1993-03-21,7.75,2.48,8.516,6.4,0,0.0,29.6,18.08
1993-03-22,9.71,2.467,10.637,1.6,0,1.6,5.6,21.39
1993-03-23,7.87,2.392,8.405,11.2,0.8,10.4,13.6,18.6
1993-03-24,8.08,2.327,8.753,0.0,0,1.6,4.8,17.51
1993-03-25,7.87,2.261,8.37,0.0,0,0.0,0.0,17.68
1993-03-26,7.23,2.232,7.543,0.0,0,0.8,0.0,16.52
1993-03-27,6.75,2.244,6.864,0.0,0,0.0,0.0,15.18
1993-03-28,6.51,2.248,6.529,0.0,0,0.8,4.8,14.32
1993-03-29,6.37,2.232,6.349,2.4,0,8.0,16.8,13.93
1993-03-30,6.48,2.339,6.315,12.0,10,1.6,24.8,13.99
1993-03-31,7.31,2.462,8.001,5.6,7.2,13.6,15.2,15.32
1993-04-01,7.59,2.745,8.062,0.8,10.4,2.4,4.0,17.46
1993-04-02,7.29,2.578,7.27,0.0,1.6,13.6,22.8,16.61
1993-04-03,7.11,2.528,6.801,16.0,38.4,47.2,5.6,15.23
1993-04-04,9.05,4.101,9.408,0.0,1.6,4.0,48.0,20.33
1993-04-05,17.9,6.957,45.864,92.0,40,76.8,26.4,44.18
1993-04-06,58.6,7.27,64.776,24.8,0,21.6,6.4,120
1993-04-07,22.9,4.159,26.603,2.4,0,0.0,3.2,a
1993-04-08,14.1,3.551,16.599,17.6,7.2,51.2,0.0,37.99
1993-04-09,45.3,22.968,70.041,55.2,23.2,91.2,0.8,92.73
1993-04-10,63.5,19.284,46.38,0.8,0.8,0.8,0.0,148.5
1993-04-11,25.5,8.393,25.626,16.0,8,3.2,4.0,77.64
1993-04-12,22.6,13.597,25.381,37.2,6.4,15.2,7.2,62.7
1993-04-13,33.1,11.988,23.8,0.0,0,0.0,21.6,72
1993-04-14,19.6,7.377,17.473,0.0,0,0.0,27.2,52.73
1993-04-15,15.0,5.763,13.984,0.0,0,0.8,12.0,38.61
1993-04-16,13.4,5.112,11.856,0.0,4,55.2,22.0,32.41
1993-04-17,12.0,4.634,11.106,0.0,0,7.2,41.6,29.05
1993-04-18,11.9,4.817,28.253,32.8,8.8,143.2,1.6,34.01
1993-04-19,25.6,5.872,36.554,4.8,4,12.0,18.0,66.89
1993-04-20,18.6,5.122,19.74,5.6,1.6,12.8,103.6,52.91
1993-04-21,16.4,4.823,18.456,2.4,0,4.8,26.4,40
1993-04-22,14.3,4.348,14.608,0.0,0,4.8,7.2,37.47
1993-04-23,12.7,4.059,14.354,8.8,20,33.6,19.2,30.47
1993-04-24,15.6,4.39,17.31,5.6,0.8,0.8,8.8,36.89
1993-04-25,43.0,25.141,60.588,13.6,60,83.2,36.0,90.87
1993-04-26,55.3,18.877,37.16,18.4,0,7.2,6.4,134.9
1993-04-27,24.4,11.684,22.181,-999.0,0,0.0,0.0,73.96
1993-04-28,17.3,7.952,16.25,1.6,0,0.0,0.0,48.21
1993-04-29,14.3,6.379,12.918,1.6,0,0.0,0.0,37.13
1993-04-30,12.4,5.288,10.971,0.8,0,0.0,4.0,31.33
1993-05-01,11.2,4.704,12.668,0.8,0,0.0,4.0,29.42
1993-05-02,10.2,4.472,9.636,0.0,4.8,8.8,28.0,25.83
1993-05-03,9.43,3.817,9.117,0.0,0,0.0,0.0,22.82
1993-05-04,8.8,3.549,8.712,0.0,0,0.0,0.0,21.51
1993-05-05,8.32,3.34,7.874,0.8,0,0.0,0.0,19.93
1993-05-06,8.04,3.257,7.381,0.0,0,0.0,0.0,19.06
1993-05-07,7.74,3.111,7.01,0.0,0,0.0,0.0,18.14
1993-05-08,7.38,2.975,6.741,0.0,0,0.0,0.0,17.15
1993-05-09,7.17,2.94,6.371,0.0,0,0.0,0.0,16.21
1993-05-10,7.89,6.361,8.689,2.4,11.2,20.0,47.2,21.44
1993-05-11,8.66,4.979,11.126,0.8,12.8,0.0,1.6,24.91
1993-05-12,8.4,3.789,8.803,0.0,0,0.0,0.0,21.98
1993-05-13,7.95,3.442,10.275,0.0,27.2,76.0,115.2,19.51
1993-05-14,120.0,40.574,188.751,9.6,145.6,149.6,178.8,189.6
1993-05-15,155.0,39.209,72.276,3.2,0,61.6,41.6,277.1
1993-05-16,73.0,18.776,68.591,0.8,26.4,90.4,132.0,171.9
1993-05-17,107.0,32.623,102.646,1.6,13.6,32.0,57.6,211.8
1993-05-18,81.2,23.83,64.309,0.8,0.8,1.6,1.6,182.9
1993-05-19,37.8,11.137,34.209,0.8,0,0.0,0.0,103
1993-05-20,25.5,9.08,29.53,49.6,34.4,48.8,42.4,67.18
1993-05-21,42.1,13.044,44.007,0.8,0,4.0,2.4,92.33
1993-05-22,27.5,9.244,26.427,0.0,0,0.0,0.0,74.03
1993-05-23,19.6,6.626,19.746,0.0,0,0.0,0.0,51.53
1993-05-24,16.2,5.411,15.911,0.0,0,0.0,0.0,41.04
1993-05-25,14.1,4.672,13.704,0.0,0,0.0,0.0,34.74
1993-05-26,13.0,4.259,12.549,7.2,4.8,14.4,32.8,31.28
1993-05-27,12.5,4.113,12.163,2.4,0.8,10.4,2.4,29.67
1993-05-28,12.2,3.85,12.318,2.4,0,24.8,16.0,29.22
1993-05-29,11.5,3.792,11.922,5.6,1.6,28.8,11.2,27.6
1993-05-30,11.4,4.049,16.532,48.0,5.6,46.0,118.4,28.03
1993-05-31,57.2,9.607,110.011,15.2,0,58.4,137.6,123.9
1993-06-01,32.1,14.618,48.409,5.6,4,23.2,16.0,119.9
1993-06-02,17.4,8.272,28.533,3.2,0,4.0,8.8,60.87
1993-06-03,14.5,5.876,21.31,0.0,1.6,0.0,0.0,44.06
1993-06-04,12.5,4.76,15.941,0.8,0,0.8,0.8,35.14
1993-06-05,10.8,4.002,12.733,0.0,0,0.0,0.0,28.75
1993-06-06,9.62,3.507,10.713,0.0,0,0.0,0.0,24.44
1993-06-07,8.72,3.159,9.44,0.0,0,0.0,0.8,21.47
1993-06-08,8.17,2.993,8.629,0.0,0,0.0,0.0,19.92
1993-06-09,7.85,2.952,8.028,4.0,0,25.6,4.8,18.9
1993-06-10,7.7,3.038,7.799,0.0,4.8,22.0,18.4,18.55
1993-06-11,8.28,3.101,8.481,19.2,18.4,14.4,30.4,19.22
1993-06-12,8.4,3.364,9.491,0.0,0,0.0,0.0,20.78
1993-06-13,8.02,3.161,8.933,0.0,0,0.0,0.0,20.21
1993-06-14,8.85,4.274,9.177,24.0,32,25.6,24.0,21.15
1993-06-15,9.11,3.805,9.542,7.2,4.8,34.4,10.4,22.53
1993-06-16,8.26,3.192,8.291,0.0,0,0.0,0.0,20.07
1993-06-17,7.55,2.959,7.873,4.8,6.4,26.4,16.8,18.18
1993-06-18,7.54,3.386,11.416,17.6,2.4,19.2,48.8,18.48
1993-06-19,10.9,3.391,15.848,6.4,0.8,11.2,18.0,28.35
1993-06-20,8.62,2.846,12.47,0.0,0,0.0,0.0,24.66
1993-06-21,7.33,2.651,9.312,0.0,0,0.0,0.0,19.59
1993-06-22,6.66,2.544,7.689,0.0,2.4,0.0,0.0,16.59
1993-06-23,6.62,3.005,7.691,0.8,5.6,0.0,0.8,16.35
1993-06-24,6.38,2.721,6.799,0.8,0,0.0,0.0,15.8
1993-06-25,6.24,2.475,6.364,4.8,19.2,5.6,11.2,14.38
1993-06-26,6.4,2.58,5.959,0.0,0,28.8,8.8,14.31
1993-06-27,5.9,2.406,5.491,0.0,0,0.0,0.0,13.53
1993-06-28,5.6,2.326,5.181,0.0,0,0.0,0.0,12.83
1993-06-29,5.3,2.272,4.885,0.0,0,0.0,0.0,12.16
1993-06-30,5.18,2.228,4.699,0.8,0,0.0,2.4,11.7
1993-07-01,5.01,2.202,4.783,0.0,0,0.0,3.2,11.16
1993-07-02,5.14,2.184,5.128,0.0,0,20.0,3.2,11.6
1993-07-03,4.89,2.171,4.578,0.8,0,71.2,10.4,11.34
1993-07-04,4.79,2.181,4.503,2.4,0,18.4,18.4,10.95
1993-07-05,4.64,2.13,4.408,0.0,0,0.0,0.0,10.5
1993-07-06,4.57,2.094,4.471,0.0,0,0.0,0.0,10.2
1993-07-07,4.23,2.06,4.306,0.0,0,0.0,0.0,9.867
1993-07-08,4.1,2.13,4.211,28.8,0,47.2,89.6,9.656
1993-07-09,4.57,2.434,9.089,0.0,0,22.4,11.2,13.04
1993-07-10,5.33,2.182,6.895,4.8,0,19.2,17.6,14.6
1993-07-11,4.5,2.07,5.429,4.0,0,19.2,21.6,11.95
1993-07-12,4.27,2.009,4.838,0.0,0,0.0,2.4,10.7
1993-07-13,4.11,1.997,4.644,12.0,5.6,20.0,0.8,10.27
1993-07-14,4.39,2.218,4.709,22.4,24.8,13.6,0.0,10.58
1993-07-15,5.07,3.133,5.293,22.4,3.2,24.0,0.0,12.28
1993-07-16,6.81,3.268,12.089,12.0,18.4,34.4,0.0,17.62
1993-07-17,9.18,2.461,11.168,0.0,0,7.2,0.0,23.8
1993-07-18,6.39,2.22,8.352,3.2,2.4,18.4,0.0,17.75
1993-07-19,7.54,13.259,43.204,37.6,16,90.4,0.0,46.31
1993-07-20,12.2,5.731,21.002,28.8,14,16.8,0.0,46.49
1993-07-21,9.01,5.298,23.605,0.0,0,0.0,0.0,37.24
1993-07-22,6.88,3.273,11.16,0.0,0,9.6,0.0,24.29
1993-07-23,5.57,2.874,18.208,20.8,0,26.4,3.2,18.73
1993-07-24,13.3,2.928,23.265,1.6,0,0.8,0.0,39.61
1993-07-25,7.93,2.659,12.301,4.0,1.6,46.0,0.0,25.53
1993-07-26,6.6,2.762,14.695,9.6,0,2.4,0.0,22.36
1993-07-27,6.69,2.79,13.129,4.0,1.6,28.0,0.0,22.1
1993-07-28,6.53,2.705,15.087,0.0,0,0.0,10.4,23.89
1993-07-29,5.96,2.569,9.86,2.4,0,10.4,0.0,19.53
1993-07-30,5.12,2.389,7.786,0.0,0,12.8,0.0,15.53
1993-07-31,4.8,2.279,6.65,12.8,0,36.8,0.0,13.52
1993-08-01,4.44,2.315,6.167,0.0,0,4.0,0.0,12.49
1993-08-02,4.46,2.663,5.764,3.2,0,18.4,0.0,12.45
1993-08-03,4.29,2.412,8.176,11.2,0,34.4,12.0,12.56
1993-08-04,9.76,3.006,17.887,4.8,22.4,24.8,13.6,25.11
1993-08-05,54.8,26.523,86.657,146.4,165.6,112.8,132.8,108
1993-08-06,55.1,13.687,34.227,7.2,4.8,2.4,1.6,127.8
1993-08-07,15.7,4.954,17.907,0.8,1.6,19.2,12.0,48.75
1993-08-08,12.1,3.934,16.391,3.2,0.8,14.4,4.8,31.65
1993-08-09,15.4,4.063,18.675,26.4,47.2,53.6,45.6,33.63
1993-08-10,16.2,3.774,15.087,0.0,0,0.8,1.6,41.23
1993-08-11,17.2,6.017,33.505,45.6,26.4,62.4,72.4,40.14
1993-08-12,27.5,5.69,28.493,8.8,17.6,14.4,32.8,67.91
1993-08-13,16.0,3.9,18.254,0.0,0,0.0,0.0,44.83
1993-08-14,11.1,3.326,11.973,0.0,0,0.0,0.0,30.32
1993-08-15,12.4,5.424,15.612,28.0,34,48.0,25.6,31.47
1993-08-16,12.1,4.125,12.258,0.0,8,0.0,0.0,33
1993-08-17,9.26,3.332,9.114,0.0,0,0.0,0.0,24.38
1993-08-18,7.98,3.049,7.763,0.0,0,0.0,0.0,20.33
1993-08-19,7.04,2.878,6.885,0.0,0,22.4,4.0,17.9
1993-08-20,6.35,2.806,6.334,0.0,0,5.6,0.8,15.83
1993-08-21,5.86,2.726,5.953,1.6,0,8.0,3.2,14.52
1993-08-22,5.51,3.06,5.614,20.8,0,0.0,4.8,13.99
1993-08-23,5.48,2.763,5.499,4.0,0.8,0.0,4.0,13.78
1993-08-24,5.32,2.598,5.268,0.0,0,0.0,0.0,13.29
1993-08-25,5.2,2.518,5.085,0.0,0,0.0,0.0,12.84
1993-08-26,5.0,2.49,4.947,0.0,0,0.0,0.0,12.39
1993-08-27,4.82,2.443,4.779,0.0,0,0.0,0.0,12.07
1993-08-28,4.65,2.421,4.684,0.0,0,0.8,0.0,11.58
1993-08-29,4.53,2.352,4.619,0.0,0,8.0,5.6,11.32
1993-08-30,4.38,2.337,4.428,0.0,0,0.0,0.0,10.88
1993-08-31,4.28,2.301,4.313,0.0,0,0.0,0.0,10.58
1993-09-01,4.26,2.29,4.218,0.0,0,0.8,4.0,10.48
1993-09-02,4.12,2.258,4.198,0.0,0,0.0,0.0,10.34
1993-09-03,4.12,2.264,4.083,4.8,0,0.0,4.8,10.25
1993-09-04,4.04,2.238,4.035,0.0,0,0.0,0.0,10.04
1993-09-05,3.98,2.23,3.994,0.0,0,0.0,0.0,9.96
1993-09-06,3.96,2.244,3.937,0.0,0,0.0,0.0,9.954
1993-09-07,3.94,2.218,3.745,3.2,0,0.0,0.0,10.01
1993-09-08,4.84,4.537,12.751,116.4,26.4,95.6,132.8,11.97
1993-09-09,33.8,7.841,32.701,10.8,11.6,3.2,19.2,58.26
1993-09-10,20.8,6.692,39.423,18.4,5.6,40.8,118.0,55.08
1993-09-11,19.7,4.538,27.108,8.0,0,24.0,12.4,61.8
1993-09-12,12.2,3.333,15.395,5.6,0,7.2,11.2,34.91
1993-09-13,75.6,39.174,158.423,225.2,55.6,208.8,196.8,129
1993-09-14,180.0,70.723,153.231,103.2,74.4,30.4,22.4,317.4
1993-09-15,167.0,80.244,129.352,80.0,36.8,15.2,16.8,337.2
1993-09-16,105.0,51.684,54.93,12.0,15.2,0.0,0.0,258.9
1993-09-17,50.0,27.4,34.089,0.0,0,0.0,0.0,152.9
1993-09-18,28.1,17.744,24.372,0.0,0,0.0,0.0,93.07
1993-09-19,19.3,13.526,19.05,0.0,0,0.8,1.6,62.26
1993-09-20,16.9,10.173,18.333,12.8,10.4,58.4,42.4,49.15
1993-09-21,16.5,8.911,17.579,0.8,0,5.6,21.6,47.41
1993-09-22,13.8,5.53,15.168,0.0,0,8.8,0.8,38.26
1993-09-23,12.2,4.919,13.527,0.0,0,0.8,0.0,32
1993-09-24,11.1,4.474,11.672,0.0,0,3.2,0.0,31
1993-09-25,9.94,4.213,10.309,0.0,0,0.8,0.8,29.11
1993-09-26,9.19,3.866,9.28,0.0,0,0.0,0.0,25.99
1993-09-27,8.61,3.667,8.477,0.0,0,0.0,0.0,23.38
1993-09-28,8.23,3.612,7.9,0.0,0,0.0,0.0,21.42
1993-09-29,8.02,4.678,7.656,3.2,0.8,32.8,3.2,20.33
1993-09-30,8.05,4.071,7.85,23.2,10.4,15.2,21.6,20.44
1993-10-01,10.8,6.475,12.783,12.8,8.8,37.6,17.6,26.3
1993-10-02,35.6,18.363,55.999,69.6,38.4,30.4,25.6,82.21
1993-10-03,44.4,16.297,31.95,0.0,0,0.0,0.0,104.4
1993-10-04,23.0,14.144,25.032,6.4,0.8,16.0,4.0,68.06
1993-10-05,25.7,16.141,34.012,46.4,52.8,28.8,20.8,69.72
1993-10-06,71.4,25.919,56.15,12.8,18.8,12.8,12.0,133.4
1993-10-07,95.4,35.334,82.066,23.6,28.4,20.8,31.2,185
1993-10-08,68.1,19.787,43.905,1.6,0,0.8,0.8,150.4
1993-10-09,37.7,13.397,30.387,0.0,13.6,0.0,1.6,90.31
1993-10-10,30.2,11.544,24.317,0.8,0,0.8,2.4,71.14
1993-10-11,22.4,10.139,19.707,1.6,2.4,4.0,0.0,59.05
1993-10-12,33.9,18.111,27.472,66.4,20.8,20.8,20.0,68.72
1993-10-13,52.0,16.206,31.808,4.8,4.8,0.0,0.0,98.35
1993-10-14,31.4,12.005,22.305,0.0,5.6,0.8,0.8,74.58
1993-10-15,22.3,8.785,17.586,0.0,0,0.0,0.8,55.06
1993-10-16,18.1,5.774,14.755,0.0,0,0.0,0.0,42.92
1993-10-17,15.5,5.3,12.928,0.0,0,0.0,0.8,36.39
1993-10-18,13.9,4.84,11.755,0.0,0,0.8,0.0,32.49
1993-10-19,13.0,4.654,11.048,0.0,0,0.8,0.8,30.28
1993-10-20,12.8,4.666,10.593,4.0,12,11.2,12.8,29.3
1993-10-21,13.2,4.369,10.33,0.0,7.2,0.8,0.8,28.16
1993-10-22,12.6,4.093,10.061,0.0,0.8,0.0,0.0,27.79
1993-10-23,11.7,3.945,9.494,0.0,0,0.0,0.0,26.08
1993-10-24,11.0,3.797,9.074,0.8,1.6,0.8,0.0,24.67
1993-10-25,10.5,3.706,8.629,0.0,0,0.0,0.0,23.32
1993-10-26,9.99,3.609,8.128,0.0,0,0.0,0.0,22.19
1993-10-27,9.46,3.545,7.773,0.0,0,0.0,0.0,21.05
1993-10-28,9.09,3.494,7.548,0.0,0,0.0,0.0,20.32
1993-10-29,8.76,3.422,7.367,0.0,0,0.0,0.0,19.71
1993-10-30,8.53,3.34,7.156,0.8,0,0.0,0.0,19.23
1993-10-31,8.43,3.256,7.081,0.0,0,0.0,0.0,18.76
1993-11-01,8.35,3.313,6.97,0.0,0,0.8,3.2,18.53
1993-11-02,8.12,3.332,6.861,0.0,0,0.0,0.0,18.36
1993-11-03,8.15,3.276,6.804,2.4,2.4,5.6,4.0,18
1993-11-04,8.02,3.238,6.686,0.0,0,3.2,2.4,17.7
1993-11-05,8.0,3.196,6.685,0.0,0,0.0,0.0,17.8
1993-11-06,7.68,3.166,6.572,0.0,0,0.8,0.8,17.5
1993-11-07,7.58,3.167,6.554,0.8,0,1.6,0.0,17.15
1993-11-08,7.48,3.127,6.479,0.0,0,0.0,0.8,16.48
1993-11-09,7.91,3.656,6.427,0.0,7.2,42.4,47.2,17.7
1993-11-10,10.4,4.046,13.479,0.0,1.6,0.8,0.0,24.88
1993-11-11,10.1,3.594,10.297,0.0,0,5.6,0.0,26.69
1993-11-12,8.54,3.354,8.486,1.6,0,21.6,24.8,22.02
1993-11-13,10.1,5.04,14.956,23.2,36,56.0,23.2,26.34
1993-11-14,66.8,26.437,45.559,21.6,47.2,9.6,8.0,114.9
1993-11-15,46.2,9.502,20.641,0.0,0,0.0,0.0,97.19
1993-11-16,23.5,6.43,13.987,0.0,0,0.0,0.0,52.9
1993-11-17,16.7,5.404,11.263,0.0,0,0.0,0.0,39.39
1993-11-18,13.7,4.877,9.878,0.0,0,0.0,0.0,36
1993-11-19,11.9,4.551,8.905,0.0,0,0.8,0.0,31.05
1993-11-20,10.7,4.244,8.018,0.0,0,2.4,0.0,26
1993-11-21,10.5,4.321,7.736,0.0,8,0.8,0.0,24.69
1993-11-22,10.4,4.087,7.576,0.0,24.8,8.8,0.0,24.5
1993-11-23,10.1,4.015,7.184,0.0,0,1.6,0.0,24.41
1993-11-24,9.22,3.792,6.507,0.0,0,0.0,0.0,22.32
1993-11-25,10.1,3.687,6.68,2.4,0,8.8,10.0,21.49
1993-11-26,14.3,3.992,8.502,0.0,0,1.6,0.0,26.25
1993-11-27,13.7,4.059,9.13,0.0,0,0.0,0.0,30.47
1993-11-28,14.9,4.078,9.084,0.0,0,0.0,0.0,29.9
1993-11-29,14.2,4.019,8.629,15.2,15.2,0.0,0.0,33.5
1993-11-30,23.0,7.871,10.325,6.4,9.6,18.4,12.8,45.39
1993-12-01,28.2,7.263,25.003,1.6,4,20.8,26.4,58.28
1993-12-02,46.0,11.152,61.327,2.4,0,76.0,44.0,99.25
1993-12-03,34.7,8.759,44.482,6.4,0,13.6,43.2,99.11
1993-12-04,58.3,7.413,78.343,14.4,1.6,48.0,38.4,113.5
1993-12-05,29.9,6.589,33.954,5.6,0,11.2,4.0,95.15
1993-12-06,18.6,6.318,24.056,18.4,0,36.8,43.2,52.83
1993-12-07,39.5,6.478,48.004,3.2,0,25.6,12.8,80.19
1993-12-08,38.4,21.854,87.398,38.4,37.6,117.6,87.2,97.34
1993-12-09,107.0,42.234,96.197,4.0,0,58.4,14.4,239
1993-12-10,53.8,29.225,81.966,20.0,6.4,74.4,44.8,171.8
1993-12-11,40.8,22.121,53.709,4.8,0,40.8,15.2,149.2
1993-12-12,33.0,19.008,37.488,34.4,33.6,0.0,12.8,101
1993-12-13,64.8,44.661,62.642,24.8,20,25.2,40.8,154.3
1993-12-14,68.0,32.767,50.91,29.6,7.2,0.0,0.0,184.5
1993-12-15,64.7,43.352,93.292,21.6,4.8,84.8,55.2,178.5
1993-12-16,83.3,45.391,90.506,1.6,0,16.8,1.6,219.8
1993-12-17,48.0,25.324,48.84,0.0,0,19.2,2.4,150.2
1993-12-18,90.1,26.642,130.569,19.2,0,30.4,64.8,179.2
1993-12-19,162.0,61.426,183.842,28.8,4,70.4,84.0,293.9
1993-12-20,81.5,42.693,63.704,0.0,0,0.0,0.0,265.1
1993-12-21,30.1,21.927,37.827,1.6,0,1.6,0.0,137.4
1993-12-22,27.7,20.864,52.522,14.4,2.4,36.0,0.0,101.1
1993-12-23,34.8,22.898,47.111,8.8,8,41.6,26.4,111.4
1993-12-24,36.3,24.125,41.196,0.8,21.6,10.4,2.4,103.9
1993-12-25,30.2,18.232,29.125,0.0,2.4,4.0,1.6,88.64
1993-12-26,22.2,15.284,23.4,0.0,4,13.6,0.0,68.55
1993-12-27,19.5,10.905,20.288,0.0,0,2.4,0.0,57.25
1993-12-28,20.2,8.21,19.05,10.4,16.8,22.4,11.6,52.94
1993-12-29,68.1,23.789,80.208,11.2,16,36.8,32.0,126.1
1993-12-30,83.7,33.541,68.586,16.8,14.4,67.2,39.2,190.7
1993-12-31,50.6,23.232,43.233,0.0,0,3.2,1.6,143.3
1994-01-01,29.4,14.507,30.518,0.8,1.6,1.6,6.4,91.94
1994-01-02,50.3,29.793,59.598,23.2,30.4,44.0,28.8,121.6
1994-01-03,97.5,41.468,100.103,9.6,50.4,49.6,43.2,203.2
1994-01-04,110.0,41.414,65.174,0.0,0,0.8,1.6,237.4
1994-01-05,74.7,31.2,44.384,17.6,36.8,43.2,25.6,186.5
1994-01-06,70.9,27.549,44.114,0.0,0,2.4,4.8,163.1
1994-01-07,55.1,19.77,33.786,0.0,2.4,0.0,1.6,127.4
1994-01-08,40.6,14.923,27.197,0.0,0.8,21.6,6.4,98.21
1994-01-09,37.4,11.518,39.131,7.2,7.2,32.0,12.8,86.6
1994-01-10,79.4,13.828,61.114,0.0,2.4,0.8,0.0,145.3
1994-01-11,47.6,13.94,37.754,5.6,5.6,16.8,11.2,113.6
1994-01-12,57.4,20.581,63.906,36.0,8.8,52.0,43.2,123
1994-01-13,101.0,24.82,84.93,31.2,4.8,9.6,26.4,186.3
1994-01-14,82.5,30.619,83.596,24.8,0,44.0,30.4,188.6
1994-01-15,57.5,24.088,50.788,0.8,7.2,0.8,0.0,157.1
1994-01-16,35.8,17.423,34.374,0.0,7.2,0.0,0.0,102.8
1994-01-17,26.1,15.201,26.039,0.0,2.4,0.0,0.8,80.08
1994-01-18,30.9,13.466,35.411,4.0,8,36.0,45.6,75.03
1994-01-19,52.2,12.411,49.843,0.0,0,0.0,0.8,118.3
1994-01-20,27.8,12.344,31.567,0.0,0,60.0,13.6,81.92
1994-01-21,24.8,11.902,31.704,0.0,0,16.0,6.4,71.77
1994-01-22,23.4,11.536,30.167,3.2,0,20.0,13.6,68.35
1994-01-23,42.2,21.786,76.299,19.2,2.4,54.4,48.8,112.7
1994-01-24,29.6,13.328,35.191,3.2,1.6,35.2,13.6,100.3
1994-01-25,42.8,24.058,86.144,31.2,5.6,97.6,62.4,111.6
1994-01-26,56.7,37.762,76.945,33.6,0.8,39.2,37.6,197.5
1994-01-27,123.0,40.076,139.745,52.0,49.6,46.4,44.0,229.3
1994-01-28,104.0,39.931,62.123,0.0,0,16.8,5.6,242.1
1994-01-29,50.2,22.394,62.298,4.8,0,21.2,30.8,153
1994-01-30,64.1,20.455,66.452,2.4,0,4.0,11.2,157.5
1994-01-31,33.6,16.612,38.178,1.6,0,0.8,4.0,105.6
1994-02-01,42.5,16.139,70.007,23.2,9.6,48.8,60.0,103.2
1994-02-02,52.4,16.892,49.647,0.0,0,0.0,0.8,139.6
1994-02-03,39.8,21.491,37.988,34.4,26.4,1.6,12.8,102.1
1994-02-04,62.8,31.212,66.144,0.0,0,0.0,0.0,144.9
1994-02-05,56.3,18.192,49.421,0.8,1.6,2.4,4.8,141.3
1994-02-06,39.0,14.761,40.188,0.0,0.8,13.6,7.2,99.39
1994-02-07,33.8,14.152,34.465,0.0,0,0.8,3.2,89.16
1994-02-08,26.0,11.725,31.145,8.0,1.6,36.8,44.8,70.76
1994-02-09,33.8,10.398,46.325,0.0,0,1.6,0.0,84.77
1994-02-10,23.3,8.594,27.828,0.0,0,0.8,0.0,68.28
1994-02-11,20.0,7.957,22.52,0.0,0,0.0,0.0,56.59
1994-02-12,17.9,7.379,19.221,0.0,0,0.0,0.0,50.53
1994-02-13,16.3,6.914,16.727,0.0,0,0.0,0.0,46.39
1994-02-14,15.0,6.558,14.503,0.0,0,0.0,0.0,41.9
1994-02-15,14.2,6.632,13.431,4.0,2.4,0.0,0.0,39.99
1994-02-16,13.6,6.132,12.71,8.0,7.2,12.0,1.6,35.09
1994-02-17,13.3,5.431,12.21,0.0,0,1.6,3.2,36.73
1994-02-18,13.2,5.674,12.115,0.0,0,0.0,0.0,33.65
1994-02-19,12.9,5.62,11.807,0.0,0,0.0,0.0,31.7
1994-02-20,12.3,5.212,11.104,2.4,3.2,0.0,0.0,30.31
1994-02-21,11.9,4.931,10.588,3.2,12,1.6,1.6,28.78
1994-02-22,11.5,4.716,10.015,1.6,2.4,1.6,1.6,27.88
1994-02-23,11.2,4.905,9.935,5.6,5.6,0.0,0.0,31.49
1994-02-24,11.2,4.92,9.774,0.8,0,0.0,5.6,30.35
1994-02-25,12.3,5.515,10.817,36.8,55.2,0.0,16.0,32.17
1994-02-26,42.6,19.568,24.803,23.2,27.2,64.8,55.2,86.82
1994-02-27,98.0,45.156,120.436,5.6,5.6,37.6,32.8,193.9
1994-02-28,154.0,44.727,112.924,0.8,0.8,26.4,14.4,280.8
1994-03-01,96.7,30.933,55.139,0.0,0,1.6,0.0,222.5
1994-03-02,52.2,20.212,39.355,0.0,4,35.2,13.6,143.9
1994-03-03,73.4,20.322,87.041,36.0,10.4,61.6,54.4,150.8
1994-03-04,56.8,18.642,47.094,1.6,0,4.8,2.4,148.8
1994-03-05,51.1,15.402,54.277,11.2,3.2,16.0,24.0,111.8
1994-03-06,38.1,13.582,37.476,2.4,0,40.8,0.0,103.5
1994-03-07,41.0,12.716,72.135,0.8,0,52.0,0.0,116.9
1994-03-08,39.3,12.364,82.048,9.6,0,66.4,0.0,108.8
1994-03-09,49.8,13.053,56.441,2.4,0,12.0,7.2,138.5
1994-03-10,23.6,11.156,31.587,0.0,0,0.0,0.0,77.91
1994-03-11,24.0,10.452,30.709,27.2,0,31.2,28.8,59.87
1994-03-12,28.1,10.685,37.06,14.4,0,60.0,51.2,76.8
1994-03-13,53.5,14.595,81.942,14.4,0,20.0,14.4,127.8
1994-03-14,35.7,18.046,80.32,8.8,0,35.2,29.6,120.9
1994-03-15,36.6,16.894,45.986,1.6,0,8.0,5.6,120.9
1994-03-16,20.2,12.37,31.951,24.8,12.8,22.4,23.2,70.19
1994-03-17,18.0,11.685,27.426,1.6,0,10.4,10.4,59.56
1994-03-18,17.5,10.999,26.423,2.4,4,32.0,16.8,54.1
1994-03-19,19.5,9.544,28.061,1.6,0,0.8,0.0,58.46
1994-03-20,16.3,6.052,20.631,0.8,0,0.0,0.8,46.14
1994-03-21,14.6,5.639,16.856,0.0,0,0.0,0.0,39.57
1994-03-22,19.4,5.742,33.555,1.6,0,20.0,33.6,46.12
1994-03-23,64.9,10.533,134.641,66.4,2.4,170.4,129.6,110
1994-03-24,104.0,40.361,91.489,0.8,0,0.0,0.8,259.2
1994-03-25,31.6,16.309,48.523,8.8,14.4,52.0,18.4,124
1994-03-26,25.3,12.315,32.184,0.0,0,0.0,0.0,85.47
1994-03-27,17.4,8.845,24.907,8.8,0.8,29.6,46.4,56.22
1994-03-28,18.0,9.759,40.083,3.2,0,7.2,7.2,64.34
1994-03-29,18.0,8.75,31.576,2.4,0,0.0,12.8,59.25
1994-03-30,15.8,8.215,22.773,10.4,6.4,18.4,14.8,50.76
1994-03-31,20.0,8.586,33.755,19.2,22.4,83.2,59.2,52.42
1994-04-01,62.4,14.817,88.458,16.0,8.8,74.4,32.0,139.1
1994-04-02,30.1,12.804,40.041,0.8,0,17.6,3.2,102.4
1994-04-03,19.7,9.8,33.593,8.8,1.6,54.4,48.8,65.1
1994-04-04,28.1,14.62,60.8,13.6,0.8,12.8,3.2,98.21
1994-04-05,22.3,11.306,39.81,10.4,5.6,42.4,34.4,73.44
1994-04-06,28.5,10.337,38.776,0.0,0,0.0,0.8,79.44
1994-04-07,27.0,10.301,38.067,22.4,12.8,44.8,35.2,72.78
1994-04-08,30.4,15.538,65.259,19.2,9.6,68.8,53.6,91.78
1994-04-09,37.7,21.887,49.23,6.4,0,15.2,17.6,123.3
1994-04-10,21.2,12.414,35.964,0.0,1.6,23.2,0.0,77.52
1994-04-11,20.2,9.204,28.44,0.0,0,0.8,0.8,61.35
1994-04-12,19.0,11.192,28.682,12.8,16,5.6,6.4,55.09
1994-04-13,22.8,10.907,26.049,0.0,0,0.0,0.0,63.07
1994-04-14,16.1,8.821,18.434,0.0,0,0.0,0.0,47.63
1994-04-15,13.6,8.243,15.381,0.8,0,0.8,0.0,39.93
1994-04-16,12.2,7.852,13.84,0.8,0,0.0,0.0,35.34
1994-04-17,11.4,7.447,12.599,0.0,0,0.8,0.8,32.17
1994-04-18,10.9,4.437,11.756,0.0,0,1.6,0.0,28.26
1994-04-19,10.6,4.012,11.271,0.0,0,6.4,0.8,26.28
1994-04-20,10.5,4.182,10.772,15.2,8,23.2,24.0,25.77
1994-04-21,13.2,3.989,14.444,4.0,5.6,15.2,7.2,29.29
1994-04-22,18.0,3.941,26.736,8.8,3.2,13.6,46.4,39.38
1994-04-23,33.3,6.998,47.024,25.6,16.8,51.2,31.2,73.41
1994-04-24,34.2,5.951,31.54,0.0,0,1.6,2.4,80.79
1994-04-25,17.7,6.015,21.232,10.4,11.2,29.6,20.0,48.35
1994-04-26,17.5,6.162,27.069,3.2,0,10.4,6.4,49.5
1994-04-27,14.2,4.364,17.042,3.2,0,7.2,7.2,39.69
1994-04-28,17.5,3.975,26.584,4.0,0,1.6,23.2,37.65
1994-04-29,22.1,3.699,22.133,0.0,0,0.0,0.0,52.87
1994-04-30,13.5,3.576,14.123,0.0,0,0.0,0.0,34.32
1994-05-01,11.1,3.332,11.746,0.0,0,0.0,1.6,27.22
1994-05-02,10.1,3.168,10.43,0.8,0,0.0,0.0,24.07
1994-05-03,9.74,3.128,9.576,2.4,0,3.2,3.2,22.46
1994-05-04,9.32,3.155,9.129,2.4,0,48.0,31.2,21.27
1994-05-05,11.5,3.335,12.947,8.0,6.4,20.8,15.2,24.27
1994-05-06,17.3,3.355,22.709,1.6,0,4.0,1.6,37.69
1994-05-07,12.1,3.275,12.811,1.6,7.2,5.6,2.4,31.42
1994-05-08,9.83,3.331,10.536,0.0,0,0.0,0.0,24.05
1994-05-09,8.82,2.889,9.057,0.0,0,2.4,0.0,20.81
1994-05-10,8.28,2.779,8.162,0.0,0,0.0,0.0,18.95
1994-05-11,7.91,2.743,7.828,0.0,0,0.0,0.0,17.92
1994-05-12,7.65,2.696,7.339,0.0,0,0.0,0.0,16.88
1994-05-13,7.26,2.626,6.945,0.0,0,0.0,0.0,16.09
1994-05-14,7.1,2.618,6.794,0.0,0,0.0,0.0,15.39
1994-05-15,8.15,5.672,8.341,28.0,36,14.4,28.0,19.78
1994-05-16,10.5,4.207,11.547,0.0,0,0.8,1.6,25.57
1994-05-17,8.58,3.221,9.009,0.0,0,0.0,0.0,22.02
1994-05-18,7.5,2.86,7.64,0.0,0,0.0,0.0,18.69
1994-05-19,7.15,2.719,7.116,0.0,0,0.0,0.0,16.56
1994-05-20,7.15,2.672,6.797,0.0,0,0.0,0.0,15.76
1994-05-21,6.95,3.092,6.718,8.8,4.8,3.2,0.0,15.64
1994-05-22,14.5,6.43,19.822,48.8,35.2,5.6,1.6,26.65
1994-05-23,18.3,5.352,13.999,0.0,1.6,0.8,0.0,43.22
1994-05-24,10.7,4.06,9.586,0.0,0,0.0,0.0,26.34
1994-05-25,8.52,3.404,7.901,0.0,0,0.0,0.0,20.46
1994-05-26,7.56,2.974,6.984,0.0,0,0.0,0.0,17.6
1994-05-27,6.99,2.753,6.48,0.0,0,0.0,0.0,15.84
1994-05-28,6.64,2.652,6.125,0.0,0,0.0,0.0,15.36
1994-05-29,6.31,2.573,5.883,0.0,0,0.0,0.0,14.36
1994-05-30,6.08,2.51,5.715,0.0,0,0.0,0.0,13.71
1994-05-31,5.87,2.465,5.511,0.0,0,0.0,0.0,13.4
1994-06-01,5.73,2.501,5.389,4.8,8,14.4,10.4,13.19
1994-06-02,5.95,2.728,5.468,0.8,7.2,8.8,1.6,13.48
1994-06-03,6.17,2.72,5.571,20.0,8.8,50.4,25.6,14.07
1994-06-04,7.9,2.614,7.095,6.4,6.4,9.6,0.8,14.91
1994-06-05,8.78,2.441,7.248,0.8,2.4,1.6,0.8,18.63
1994-06-06,6.76,2.384,6.137,0.0,0,16.8,9.6,15.57
1994-06-07,6.24,2.369,6.333,0.0,0,0.0,0.0,13.47
1994-06-08,6.26,2.324,6.541,0.0,0,3.2,2.4,14.56
1994-06-09,5.58,2.276,5.673,2.4,0,37.6,8.0,12.86
1994-06-10,5.33,2.277,5.335,0.0,0,0.0,0.0,11.88
1994-06-11,5.17,2.254,5.176,0.0,0,0.0,0.0,11.64
1994-06-12,4.97,2.216,4.938,0.0,0,0.0,0.0,11.22
1994-06-13,4.85,2.222,4.623,0.0,0,0.0,0.0,11.18
1994-06-14,4.63,2.091,4.338,0.0,0,0.0,0.0,10.71
1994-06-15,4.5,2.021,4.25,0.0,0,0.0,0.0,10.25
1994-06-16,4.46,2.043,4.137,1.6,3.2,6.4,3.2,10.03
1994-06-17,4.61,2.063,4.097,0.0,0,0.8,0.0,10.3
1994-06-18,4.58,2.045,4.078,1.6,0,6.4,8.0,10.18
1994-06-19,4.47,2.052,4.556,1.6,0,65.6,15.2,10.37
1994-06-20,5.51,2.092,7.568,0.0,0,5.6,0.0,13.63
1994-06-21,5.22,2.189,10.749,9.6,8,57.6,50.4,14.19
1994-06-22,9.4,2.347,15.905,0.0,0,6.4,0.8,26.89
1994-06-23,6.46,2.079,8.003,0.0,0,4.4,0.0,18.78
1994-06-24,5.18,1.996,6.194,8.8,21.6,34.4,13.6,13.75
1994-06-25,4.99,2.368,5.545,0.0,0,0.0,0.0,12.5
1994-06-26,5.5,2.076,6.013,0.0,0,4.0,16.0,12.76
1994-06-27,4.83,1.977,7.071,0.0,0,6.4,8.8,12.27
1994-06-28,5.82,1.921,8.486,0.0,0,0.0,0.0,15.79
1994-06-29,4.69,1.88,5.683,0.0,0,8.0,4.8,12.57
1994-06-30,4.12,1.796,4.77,0.0,0,0.0,0.8,10.65
1994-07-01,3.9,1.794,4.339,0.0,0,0.8,1.6,9.882
1994-07-02,3.83,1.827,4.055,0.0,0,0.0,0.0,9.498
1994-07-03,3.68,1.841,4.011,0.0,0,0.0,0.0,9.229
1994-07-04,3.67,1.843,4.052,0.8,0,6.4,3.2,8.72
1994-07-05,3.61,1.813,3.908,0.0,0,6.4,1.6,8.905
1994-07-06,3.67,1.957,3.828,10.4,0.8,52.4,9.6,9.239
1994-07-07,3.75,2.331,3.723,0.0,0,0.0,0.0,9.709
1994-07-08,3.74,1.983,3.781,0.0,0,0.0,0.0,9.33
1994-07-09,3.68,1.824,3.71,0.0,0,0.8,0.0,8.986
1994-07-10,3.52,1.753,3.672,0.0,0,0.0,4.8,8.419
1994-07-11,3.47,1.747,3.6,0.0,0,0.8,6.4,8.316
1994-07-12,3.39,1.725,3.367,0.0,3.2,0.0,0.8,8.162
1994-07-13,3.48,1.679,3.42,0.0,0,0.0,0.0,7.967
1994-07-14,3.31,1.662,3.361,0.0,0.8,0.0,0.8,7.735
1994-07-15,3.21,1.669,3.269,0.0,2.4,2.4,0.8,7.645
1994-07-16,3.14,1.637,3.137,0.0,0,0.0,0.0,7.434
1994-07-17,3.07,1.614,3.152,0.0,0,0.0,0.0,7.499
1994-07-18,3.1,1.648,3.11,0.0,0,0.0,0.0,7.124
1994-07-19,3.01,1.639,3.076,0.0,0,0.0,0.0,6.623
1994-07-20,2.96,1.64,3.042,0.0,0,0.0,0.0,6.298
1994-07-21,2.92,1.641,2.969,1.6,4.8,4.0,1.6,6.342
1994-07-22,3.0,1.662,2.955,0.0,0,0.0,0.8,6.151
1994-07-23,2.91,1.59,2.892,0.0,0,0.0,0.0,5.887
1994-07-24,3.52,2.792,3.51,20.0,37.2,54.4,18.4,7.603
1994-07-25,4.47,3.264,3.554,0.0,0,0.0,0.0,11.16
1994-07-26,3.64,1.988,3.628,1.6,3.2,12.8,17.6,8.654
1994-07-27,3.9,2.789,3.572,6.4,19.2,28.0,16.0,9.499
1994-07-28,3.69,2.068,3.326,0.0,0,0.0,0.0,8.672
1994-07-29,3.32,1.773,3.327,0.0,0,0.0,0.0,8.077
1994-07-30,3.16,1.721,3.277,6.8,18.4,1.6,10.4,7.809
1994-07-31,4.3,2.727,4.488,1.6,13.6,0.0,8.0,9.428
1994-08-01,4.24,2.269,4.186,3.2,0.8,0.0,7.2,10.57
1994-08-02,3.66,2.308,3.906,0.0,0,0.0,1.6,9.686
1994-08-03,3.26,1.915,3.509,24.4,1.6,0.0,30.4,8.179
1994-08-04,3.58,2.193,4.949,13.6,26.4,0.0,2.4,8.73
1994-08-05,5.82,2.051,7.355,4.0,0,5.6,1.6,14.1
1994-08-06,4.19,1.743,4.862,0.0,0,0.0,0.0,11.62
1994-08-07,3.69,1.674,4.129,0.0,0,0.0,0.0,9.796
1994-08-08,3.4,1.754,3.741,0.0,0,0.8,0.8,8.954
1994-08-09,3.21,1.695,3.641,0.0,0,0.0,0.0,8.478
1994-08-10,3.18,1.673,3.509,8.8,1.6,0.8,0.0,8.157
1994-08-11,3.26,1.703,3.443,4.8,7.2,1.6,0.0,7.746
1994-08-12,3.25,1.676,3.363,0.0,0,0.0,0.0,7.646
1994-08-13,3.1,1.608,3.309,0.0,0,0.0,0.0,7.348
1994-08-14,2.97,1.55,3.21,0.0,0,0.0,0.0,6.909
1994-08-15,2.89,1.543,3.134,0.0,0,0.0,0.0,6.758
1994-08-16,2.85,1.552,3.091,1.6,0,8.0,8.8,6.59
1994-08-17,3.29,1.778,3.264,13.6,17.6,64.0,24.0,7.158
1994-08-18,5.5,1.858,6.151,0.0,0,1.6,2.4,9.919
1994-08-19,5.51,1.52,5.258,0.0,0,7.2,7.2,12.64
1994-08-20,4.02,1.462,4.228,0.0,0,0.0,0.0,9.52
1994-08-21,3.53,1.427,3.976,0.0,0,0.0,1.6,8.371
1994-08-22,3.25,1.415,3.644,0.0,0,0.8,0.0,7.352
1994-08-23,3.23,1.654,3.57,10.4,11.2,45.2,31.6,7.159
1994-08-24,4.53,1.822,7.65,16.8,3.2,44.0,49.6,10.28
1994-08-25,13.9,2.361,37.799,9.6,15.2,50.4,19.2,38.58
1994-08-26,9.97,1.982,14.108,5.6,0.8,29.6,21.6,33.27
1994-08-27,5.84,1.551,11.513,2.4,0,67.6,13.6,18.75
1994-08-28,5.66,1.504,12.3,3.2,0,9.6,6.4,17.88
1994-08-29,4.56,1.53,9.796,0.0,0,8.8,0.8,16.12
1994-08-30,4.18,1.475,7.485,20.0,0,8.8,3.2,13.02
1994-08-31,4.08,1.855,7.31,14.4,31.2,40.8,19.2,11.92
1994-09-01,10.5,5.198,22.413,12.8,30.8,4.8,9.6,27.63
1994-09-02,9.55,2.558,11.551,0.0,0,0.8,0.0,29.49
1994-09-03,5.59,1.856,7.386,4.8,2.4,24.8,11.2,16.21
1994-09-04,4.58,1.694,5.952,4.0,0.8,18.4,12.0,11.88
1994-09-05,4.67,1.639,7.265,0.0,0,1.6,1.6,11.61
1994-09-06,5.28,1.632,6.865,4.8,14.4,35.2,22.4,12.97
1994-09-07,5.19,1.621,11.96,0.8,1.6,5.6,5.6,14.41
1994-09-08,6.24,1.962,11.341,8.8,8,12.0,8.8,19.49
1994-09-09,6.25,1.797,10.45,12.0,7.2,44.0,17.6,17.45
1994-09-10,12.5,2.287,19.517,20.0,10.4,38.8,17.6,24.22
1994-09-11,17.7,3.046,29.774,10.4,1.6,23.2,40.0,41.61
1994-09-12,20.2,5.326,43.151,21.6,48,100.4,40.0,58.29
1994-09-13,34.0,5.356,38.014,5.6,2.4,8.0,8.0,78.25
1994-09-14,18.4,2.872,24.869,28.8,20.8,10.4,4.0,47.36
1994-09-15,33.6,9.73,45.271,26.4,24.8,53.6,12.0,69.31
1994-09-16,28.6,4.817,26.299,0.0,0.8,0.8,3.2,68.41
1994-09-17,12.5,2.734,14.59,0.0,0,0.0,0.0,34.88
1994-09-18,8.88,2.273,10.399,0.0,0,0.0,0.0,23.01
1994-09-19,7.61,2.322,8.698,6.4,5.6,14.4,6.4,18.87
1994-09-20,7.43,2.944,8.786,15.2,8.8,16.0,7.2,18.87
1994-09-21,11.0,3.747,13.228,4.8,0,0.0,0.0,24.02
1994-09-22,10.5,2.794,10.289,0.0,0,0.8,0.0,26.1
1994-09-23,7.4,2.372,7.82,0.0,0,0.8,0.0,18.27
1994-09-24,6.49,2.291,7.015,9.6,9.6,20.0,16.0,15.2
1994-09-25,24.2,6.018,37.792,17.6,44.8,43.2,24.0,42.36
1994-09-26,22.1,4.324,22.981,0.0,0,0.8,0.0,59.44
1994-09-27,11.5,2.943,13.88,0.0,0,3.2,0.8,32.42
1994-09-28,8.71,2.511,10.391,0.0,0,2.4,0.8,21.78
1994-09-29,7.3,2.347,8.675,0.0,0,4.0,0.8,17.77
1994-09-30,6.44,2.254,7.601,0.0,0.8,3.2,0.0,15.4
1994-10-01,6.08,2.354,7.052,5.6,4.8,44.0,16.8,15.49
1994-10-02,8.47,3.208,21.788,12.8,28,73.2,27.2,20.48
1994-10-03,32.2,6.524,38.308,11.2,28,11.2,6.4,65.22
1994-10-04,20.7,4.196,19.728,0.0,0,0.8,0.8,55.08
1994-10-05,11.9,2.905,12.489,0.0,0,0.0,0.0,31.18
1994-10-06,9.5,2.525,9.644,0.0,0,0.0,0.0,23.44
1994-10-07,7.96,2.441,8.26,0.0,0,15.2,7.2,19.71
1994-10-08,7.24,2.371,8.738,0.0,0,7.2,4.0,17.59
1994-10-09,6.98,2.349,8.873,0.0,0,0.8,0.0,17.71
1994-10-10,6.32,2.252,7.441,0.0,0,0.8,0.0,15.38
1994-10-11,5.89,2.555,6.705,0.0,0,0.8,0.8,14.3
1994-10-12,5.55,2.62,6.109,0.0,0,0.0,0.8,13.35
1994-10-13,5.26,2.601,5.821,0.0,0,0.8,0.0,12.78
1994-10-14,5.1,2.59,5.547,0.0,0,0.0,0.0,12.13
1994-10-15,4.97,2.572,5.363,1.6,3.2,1.6,3.2,11.81
1994-10-16,4.91,2.536,5.369,4.0,4.8,4.0,4.0,11.44
1994-10-17,5.09,2.519,5.651,0.0,0,0.0,0.0,11.74
1994-10-18,4.9,2.481,5.518,0.0,0,0.0,0.0,11.67
1994-10-19,5.06,2.57,5.584,8.8,13.6,6.4,10.4,12.37
1994-10-20,9.96,4.029,10.722,30.4,33.6,20.0,9.6,20.34
1994-10-21,18.2,4.251,16.385,8.8,0.8,16.8,4.0,38.84
1994-10-22,17.5,4.678,28.091,16.0,27.2,54.4,16.8,41.47
1994-10-23,67.4,13.076,59.856,22.4,25.6,87.2,26.4,100.9
1994-10-24,38.2,6.417,29.314,0.0,0,27.2,8.0,82.47
1994-10-25,19.7,10.759,27.898,14.4,28.8,67.2,28.8,57.03
1994-10-26,21.0,10.935,34.524,0.0,0,6.4,5.6,63.62
1994-10-27,16.0,7.678,24.169,0.8,0,40.0,26.4,50.23
1994-10-28,12.9,5.261,21.284,2.4,0,29.6,7.2,40.8
1994-10-29,11.3,4.666,16.059,0.0,1.6,6.4,3.2,33.32
1994-10-30,10.7,6.149,14.753,14.4,7.2,29.6,12.8,30.45
1994-10-31,23.6,10.345,43.478,12.8,0,55.6,31.6,55.25
1994-11-01,24.7,14.279,38.611,0.8,0,5.6,0.8,82.34
1994-11-02,14.1,12.391,19.446,0.0,0,0.0,0.0,52.2
1994-11-03,13.4,13.091,24.243,16.0,28,40.8,28.0,43.76
1994-11-04,23.5,11.821,29.837,1.6,12.8,4.0,0.8,63.13
1994-11-05,50.4,31.41,55.709,20.0,48.8,56.8,30.4,108.2
1994-11-06,45.0,16.918,33.342,0.0,0,0.0,0.0,108.4
1994-11-07,21.3,10.701,21.671,0.0,0,6.4,0.0,62.52
1994-11-08,16.1,8.93,17.115,7.2,0.8,41.6,8.0,45.96
1994-11-09,17.8,15.705,35.339,15.2,4,51.2,16.0,56.48
1994-11-10,24.7,20.247,35.247,2.4,0,3.2,6.4,79.89
1994-11-11,20.3,14.248,25.904,2.4,0,4.0,3.2,65.09
1994-11-12,25.7,19.017,43.93,24.8,29.6,67.2,25.6,66.21
1994-11-13,63.4,21.638,86.322,20.8,2.4,100.8,99.2,129.3
1994-11-14,107.0,36.505,134.357,27.2,4,76.8,55.2,229.8
1994-11-15,79.4,34.49,81.599,20.0,0.8,24.8,20.0,196.1
1994-11-16,43.7,21.929,51.652,6.4,1.6,15.2,19.2,138.5
1994-11-17,28.2,17.979,40.499,12.8,0,45.6,20.8,90.63
1994-11-18,30.1,17.624,42.889,18.4,31.2,30.4,14.4,87.73
1994-11-19,59.9,25.744,75.818,12.8,0.8,32.8,21.6,129.9
1994-11-20,66.3,37.629,65.734,7.2,15.2,57.6,19.2,162.6
1994-11-21,44.3,23.692,37.812,0.0,0,0.0,0.0,126
1994-11-22,24.7,16.419,27.124,0.0,0,0.8,2.4,79.39
1994-11-23,19.8,11.017,22.29,3.2,0,2.4,2.4,58.4
1994-11-24,17.5,9.139,19.495,0.0,0,1.6,0.8,49.85
1994-11-25,15.8,8.322,17.002,0.0,0,4.8,0.0,44.41
1994-11-26,14.2,7.896,15.17,0.0,0,21.6,0.8,39.81
1994-11-27,13.1,7.036,13.947,0.0,0,0.8,0.0,36.81
1994-11-28,12.0,5.187,12.636,0.0,0,0.0,0.0,32.22
1994-11-29,11.2,4.883,11.576,0.0,0,0.8,0.0,29.67
1994-11-30,10.6,4.718,10.662,0.0,0,0.0,0.0,27.54
1994-12-01,10.1,4.546,10.088,0.0,0,0.8,0.0,26.45
1994-12-02,9.71,4.474,9.585,0.0,0,0.8,0.0,24.38
1994-12-03,10.6,5.906,16.159,23.2,14.4,16.0,31.2,23.95
1994-12-04,49.0,20.436,63.809,26.4,44.8,69.6,35.2,90.54
1994-12-05,70.4,19.581,61.497,10.4,16.8,36.8,15.2,151.7
1994-12-06,60.2,16.046,55.209,1.6,0,22.4,5.6,137.3
1994-12-07,63.3,18.538,78.054,14.4,26,32.0,24.0,140.4
1994-12-08,86.0,23.046,101.157,18.4,28,51.2,36.0,177.8
1994-12-09,62.9,19.19,49.472,4.8,0,0.0,6.4,156.3
1994-12-10,45.5,26.018,88.908,11.2,7.2,76.8,57.6,131.1
1994-12-11,72.6,29.088,86.027,16.8,0,4.8,31.2,173.5
1994-12-12,94.0,23.219,101.679,3.2,0,38.4,21.6,196.3
1994-12-13,59.9,25.873,67.635,18.4,46.4,38.4,21.6,156.1
1994-12-14,66.3,25.184,48.397,0.0,0,0.0,0.0,152.1
1994-12-15,35.7,17.524,33.042,0.8,0,12.0,7.2,98.55
1994-12-16,30.9,15.662,35.514,0.0,0,2.4,0.8,82.78
1994-12-17,24.5,14.707,39.213,16.8,14.4,41.2,50.4,73.66
1994-12-18,57.6,19.291,73.749,23.2,8,17.6,20.8,136
1994-12-19,46.7,20.163,51.448,1.6,1.6,8.0,3.2,122
1994-12-20,30.3,13.131,32.982,0.0,0,0.0,0.0,87.13
1994-12-21,21.6,10.915,24.583,0.0,0,0.0,0.0,63.21
1994-12-22,17.9,9.445,19.74,0.0,0,0.8,0.0,51.71
1994-12-23,15.8,8.7,16.759,0.0,0,0.0,0.0,44.81
1994-12-24,15.4,8.314,16.06,0.0,0,10.4,6.4,41.37
1994-12-25,19.0,8.886,24.328,4.8,0.8,27.2,18.4,49.17
1994-12-26,27.0,11.607,59.032,40.0,16.8,66.4,55.2,71.25
1994-12-27,66.7,24.381,67.548,13.6,27.2,47.2,25.6,154.4
1994-12-28,103.0,44.518,163.687,51.2,17.2,130.8,139.2,212.5
1994-12-29,185.0,60.852,189.719,8.0,6.4,17.6,5.6,319.1
1994-12-30,142.0,57.851,105.235,8.0,0,0.0,0.0,309.1
1994-12-31,103.0,47.382,84.536,6.4,0,0.0,0.0,254.1
1995-01-01,61.6,27.863,44.166,0.8,0,4.0,1.6,181.2
1995-01-02,34.8,17.793,30.166,0.0,0,2.4,0.0,111
1995-01-03,23.9,15.098,24.699,0.0,0,0.0,0.0,75.25
1995-01-04,20.7,14.125,22.218,4.0,0.8,28.8,6.4,63.81
1995-01-05,44.3,20.454,81.723,7.2,17.6,72.0,38.4,109.1
1995-01-06,62.6,20.069,57.871,0.0,0,0.0,0.0,153.9
1995-01-07,32.7,16.653,34.943,0.0,0,32.0,4.0,97.96
1995-01-08,34.2,15.992,43.259,4.8,0,19.2,12.0,90.79
1995-01-09,29.0,15.043,47.679,6.4,0,68.0,36.8,86.84
1995-01-10,34.0,16.006,65.539,23.2,34.4,77.6,39.2,106
1995-01-11,62.9,17.34,53.079,0.0,0,0.0,0.0,138.4
1995-01-12,29.5,11.257,28.897,0.0,0,0.0,3.2,83.9
1995-01-13,21.9,10.324,23.573,0.0,0,31.2,8.8,60.6
1995-01-14,21.1,11.263,27.995,4.0,0,12.0,16.8,59.33
1995-01-15,24.9,11.462,33.226,0.0,0,4.0,9.6,70.24
1995-01-16,22.5,10.145,26.411,6.4,12,12.0,17.6,63.19
1995-01-17,33.0,12.42,40.975,24.8,33.6,40.0,13.6,71.23
1995-01-18,64.9,16.102,46.245,2.4,0,0.8,1.6,127.5
1995-01-19,39.1,13.401,34.803,24.0,17.6,12.0,12.8,91.41
1995-01-20,49.0,16.434,46.507,19.2,13.6,17.6,16.8,108.3
1995-01-21,58.9,19.562,81.688,50.4,35.2,52.8,40.8,125.2
1995-01-22,103.0,31.913,74.698,2.4,5.6,13.6,17.6,203.6
1995-01-23,64.5,24.87,70.267,24.8,1.6,45.6,27.2,159.7
1995-01-24,60.0,22.313,60.923,1.6,0,12.0,4.8,151.9
1995-01-25,41.8,18.541,42.446,18.4,31.2,0.0,6.4,112
1995-01-26,60.1,22.307,34.981,19.2,45.6,19.2,15.2,119.4
1995-01-27,50.6,18.782,29.414,24.8,24,0.0,38.4,114.3
1995-01-28,88.6,48.075,142.403,13.6,0,38.8,26.4,182.4
1995-01-29,162.0,71.24,127.178,6.4,0,26.4,4.0,319.6
1995-01-30,97.8,51.513,62.924,0.0,0,0.0,0.0,261.9
1995-01-31,139.0,66.902,301.598,121.6,36.8,252.0,268.8,272.8
1995-02-01,220.0,74.032,374.061,3.2,0,3.2,5.6,448.1
1995-02-02,171.0,54,78.921,0.0,0,0.0,0.8,362.3
1995-02-03,103.0,38.669,66.926,6.4,0,8.8,17.6,266
1995-02-04,75.5,29.596,48.786,0.0,0,0.8,0.8,220.7
1995-02-05,46.3,21.118,38.242,0.0,0,2.4,2.4,160.6
1995-02-06,36.5,16.885,34.73,0.0,0,4.8,0.8,107.3
1995-02-07,29.8,15.549,31.031,4.0,9.6,27.2,10.4,85.22
1995-02-08,31.1,16.807,35.052,2.4,2.4,1.6,8.0,89.57
1995-02-09,26.4,11.958,27.855,0.0,0,0.0,0.8,76.91
1995-02-10,31.2,15.078,29.432,12.8,22.4,0.0,8.0,79.76
1995-02-11,65.0,31.496,108.575,5000.0,15.2,108.4,80.8,136.7
1995-02-12,136.0,41.906,110.532,18.4,0,36.8,34.4,265.2
1995-02-13,91.3,32.943,95.978,7.2,15.2,55.2,16.8,222.3
1995-02-14,71.3,25.78,67.655,12.8,5.6,18.4,25.6,182.6
1995-02-15,79.4,22.549,80.029,43.2,16,30.4,16.8,168.2
1995-02-16,103.0,33.316,97.254,12.8,7.2,43.2,28.0,203.7
1995-02-17,78.7,44.949,76.537,8.8,0,64.8,19.2,210.3
1995-02-18,50.5,27.788,61.675,24.0,0,80.8,57.6,156.8
1995-02-19,83.5,29.257,102.524,8.0,0.8,22.4,12.0,191.2
1995-02-20,56.5,24.649,68.903,24.8,0.8,36.0,32.8,154.7
1995-02-21,67.9,22.38,69.517,5.6,0,20.8,16.8,159.1
1995-02-22,96.9,40.162,167.891,87.2,37.6,117.6,93.6,190.7
1995-02-23,163.0,55.177,114.742,13.6,1.6,17.6,8.8,308.4
1995-02-24,80.9,33.247,63.25,0.0,0,4.8,3.2,226
1995-02-25,45.3,19.526,45.053,0.0,0,1.6,0.0,139.2
1995-02-26,32.3,14.771,34.856,0.0,0,0.0,0.0,93.19
1995-02-27,26.9,11.594,34.703,2.4,0,50.4,8.8,74.32
1995-02-28,44.6,11.563,52.105,19.2,9000,46.4,47.2,93.91
1995-03-01,80.6,19.096,100.761,17.6,#,51.2,21.6,174
1995-03-02,38.9,16.877,45.939,2.4,0,16.8,14.4,121.7
1995-03-03,26.5,14.87,34.535,0.0,0,19.2,1.6,85.82
1995-03-04,22.2,12.712,28.873,14.4,5.6,4.0,8.0,70.17
1995-03-05,25.8,18.214,48.114,16.0,1.6,18.8,21.6,80.91
1995-03-06,33.8,15.475,42.808,0.8,0,8.8,0.8,99.76
1995-03-07,24.2,12.364,32.928,6.4,6.4,13.6,6.4,74.98
1995-03-08,22.0,12.137,28.63,4.8,4,23.2,17.6,65.88
1995-03-09,20.9,11.628,26.756,1.6,0,9.6,4.0,61.27
1995-03-10,24.9,10.343,47.875,0.0,0,0.0,0.0,71.17
1995-03-11,52.0,8.592,76.35,7.2,14.4,42.4,16.8,116.1
1995-03-12,42.4,10.984,43.54,0.0,0,0.0,0.0,111.3
1995-03-13,24.7,9.068,31.562,0.0,0,0.0,0.0,71.55
1995-03-14,23.8,7.735,30.717,4.0,7.2,11.2,1.6,62.09
1995-03-15,21.6,7.839,25.613,0.8,0,8.8,7.2,58.38
1995-03-16,17.8,7.568,21.168,11.2,0,26.4,14.4,49.53
1995-03-17,29.2,9.942,38.995,31.2,24.8,38.4,28.8,61.78
1995-03-18,35.8,14.662,46.101,15.2,0,11.2,6.4,93.22
1995-03-19,32.4,10.112,33.854,0.0,0,12.0,0.0,80.6
1995-03-20,21.4,7.47,24.745,0.0,0,0.0,0.0,57.9
1995-03-21,17.4,6.085,19.97,0.0,0,0.0,0.0,46.13
1995-03-22,15.9,5.616,17.454,0.0,0,0.0,0.0,40.86
1995-03-23,18.3,4.928,17.958,0.0,0,0.8,0.8,40.86
1995-03-24,17.1,4.95,17.211,13.6,0,42.4,30.4,40.43
1995-03-25,24.6,5.873,43.225,18.4,0.8,46.4,22.4,64.58
1995-03-26,22.7,5.978,43.716,26.4,18.4,108.0,64.0,62.84
1995-03-27,41.9,8.933,56.009,1.6,4,2.4,2.4,102.4
1995-03-28,21.6,7.211,27.074,16.0,23.2,29.6,8.0,64.95
1995-03-29,19.4,6.453,20.712,0.0,0,0.8,0.0,50.25
1995-03-30,24.8,7.497,26.17,11.2,15.2,12.0,4.8,52.39
1995-03-31,38.0,8.789,33.019,3.2,0,96.0,12.8,76.74
1995-04-01,23.1,7.269,29.332,0.0,0,29.6,4.8,62.72
1995-04-02,18.5,6.176,21.34,0.0,0,0.0,0.0,49.5
1995-04-03,15.9,5.44,16.643,0.0,0,3.2,0.8,40.47
1995-04-04,14.2,4.751,14.222,2.4,7.2,4.8,11.2,35.43
1995-04-05,13.2,4.352,12.948,0.0,0,2.4,2.4,31.7
1995-04-06,12.3,4.027,12.2,0.0,0,0.8,0.0,29.57
1995-04-07,11.6,3.947,11.433,0.0,0,1.6,0.0,27.77
1995-04-08,10.7,3.744,10.318,0.0,0,0.0,0.0,25.67
1995-04-09,10.4,3.607,9.852,0.8,2.4,0.8,2.4,24.25
1995-04-10,10.2,3.598,9.415,0.0,0,0.8,0.0,23.77
1995-04-11,9.7,3.495,9.01,0.0,0,0.0,0.0,22.66
1995-04-12,9.17,3.372,8.447,0.0,0,0.0,0.0,21.52
1995-04-13,8.75,3.171,8.095,0.0,0,0.0,0.0,19.85
1995-04-14,8.58,3.447,7.789,0.0,0,0.0,0.0,19.57
1995-04-15,8.45,3.479,7.571,0.0,0,0.0,0.8,19.38
1995-04-16,8.33,3.437,7.4,0.0,0,0.0,0.0,18.88
1995-04-17,8.32,3.468,7.337,9.6,2.4,63.2,16.8,18.71
1995-04-18,8.79,3.78,7.792,11.2,12.8,8.0,7.2,19.71
1995-04-19,8.75,3.467,8.093,0.0,1.6,17.6,11.2,19.71
1995-04-20,8.66,3.482,7.416,0.0,17.2,2.4,1.6,19.44
1995-04-21,8.47,3.317,7.303,0.0,0.8,7.2,3.2,19.19
1995-04-22,8.29,4.039,8.178,49.6,18.4,27.2,16.0,19.12
1995-04-23,17.7,4.668,15.9,0.0,0,0.0,0.0,32.45
1995-04-24,15.3,3.572,11.195,8.8,14.4,10.4,6.4,33.44
1995-04-25,12.9,3.315,9.547,0.0,0,0.0,0.0,27.08
1995-04-26,10.2,3.063,8.038,0.0,0,0.0,0.0,22.33
1995-04-27,8.94,2.962,7.129,0.0,0,0.0,0.0,19.38
1995-04-28,8.26,2.907,6.654,0.0,0,0.0,0.0,17.92
1995-04-29,7.83,2.857,6.213,0.0,0,0.0,0.0,16.98
1995-04-30,7.57,2.812,6.036,0.0,0,0.0,0.0,16.26
1995-05-01,7.37,2.786,5.854,0.0,0,0.0,4.0,15.72
1995-05-02,7.15,2.583,5.711,0.0,0,0.0,0.0,14.89
1995-05-03,6.93,2.433,5.495,0.0,0,4.0,0.0,13.56
1995-05-04,6.73,2.441,5.348,0.0,0,0.0,0.0,12.56
1995-05-05,6.56,2.384,5.003,0.0,0,0.0,0.0,11.91
1995-05-06,6.69,2.361,4.787,0.0,0,0.0,0.0,11.54
1995-05-07,6.6,2.329,4.733,0.0,0,0.0,0.0,11.73
1995-05-08,6.46,2.308,4.694,11.2,7.2,0.0,4.8,12.3
1995-05-09,6.4,2.301,4.597,0.8,2.4,0.0,0.0,12.14
1995-05-10,6.47,2.276,4.547,4.0,6.4,0.0,0.0,12.12
1995-05-11,6.39,2.278,4.424,0.0,1.6,0.0,0.0,12.01
1995-05-12,6.28,2.28,4.394,0.0,0,0.0,0.0,11.82
1995-05-13,6.14,2.214,4.374,0.0,0,0.8,0.0,11.5
1995-05-14,6.02,2.198,4.38,8.0,4,37.6,4.0,11.2
1995-05-15,6.02,2.249,4.385,0.0,0,0.0,0.8,11.47
1995-05-16,6.15,2.334,4.727,15.2,8.8,28.0,17.6,12.04
1995-05-17,7.59,3.708,5.488,13.6,18.4,22.4,13.6,14.42
1995-05-18,7.65,2.72,5.471,2.4,0,12.0,12.8,14.61
1995-05-19,7.51,2.405,5.433,1.6,0,0.8,0.0,13.72
1995-05-20,7.38,2.32,5.403,0.0,0,6.4,3.2,13.68
1995-05-21,6.36,2.276,4.989,0.0,0,0.0,0.0,12.64
1995-05-22,6.0,2.219,4.692,0.0,0,1.6,0.8,12.27
1995-05-23,5.79,2.177,4.634,0.0,0,0.0,0.0,11.81
1995-05-24,6.07,2.666,5.406,17.6,23.2,37.6,25.6,12.16
1995-05-25,9.55,3.717,6.442,0.8,4.8,0.0,0.8,17.4
1995-05-26,8.81,2.495,5.97,0.8,0,13.6,1.6,17.25
1995-05-27,7.17,2.533,5.552,16.0,6.4,47.2,27.2,14.84
1995-05-28,7.82,3.028,8.649,3.2,28.4,25.6,13.6,16.49
1995-05-29,9.57,2.443,9.998,14.4,6.4,35.2,10.4,21.29
1995-05-30,7.71,2.414,9.041,0.0,0,0.0,3.2,18.77
1995-05-31,7.15,2.228,7.554,0.0,0,0.0,0.0,17.06
1995-06-01,6.39,2.109,6.24,0.0,2.4,6.4,4.0,14.69
1995-06-02,5.96,2.032,5.587,1.6,4.8,0.8,1.6,13.33
1995-06-03,5.92,2.241,5.576,4.8,4,38.4,19.2,12.12
1995-06-04,6.19,2.187,5.515,9.6,23.2,7.2,5.6,12.06
1995-06-05,6.11,2.044,7.426,0.0,0,4.0,0.0,14.73
1995-06-06,5.68,1.995,6.128,1.6,0.8,8.0,3.2,13.59
1995-06-07,5.45,1.956,5.36,6.4,6.4,2.4,0.0,12.16
1995-06-08,5.38,1.979,5.043,0.8,0,0.0,0.0,11.54
1995-06-09,5.07,1.874,4.548,0.0,0,0.0,0.0,10.68
1995-06-10,4.94,1.865,4.402,1.6,0.8,0.8,0.0,10.16
1995-06-11,5.09,2.045,4.419,1.6,4.8,0.0,0.0,10.48
1995-06-12,5.08,1.914,4.263,4.0,3.2,0.0,0.8,10.31
1995-06-13,4.9,1.842,4.247,0.0,0.8,0.0,0.0,10.09
1995-06-14,4.7,1.82,4.109,0.0,0,0.8,0.0,9.709
1995-06-15,4.42,1.786,3.991,0.0,0,0.0,0.0,9.328
1995-06-16,4.35,1.78,3.88,3.2,8,4.8,3.2,8.953
1995-06-17,4.41,1.801,3.899,1.6,3.2,25.6,12.0,9.006
1995-06-18,4.63,1.79,3.858,0.0,0,0.0,0.0,8.962
1995-06-19,4.45,1.762,4.028,2.4,0,18.4,22.4,8.938
1995-06-20,4.25,1.71,4.839,0.8,0,4.8,9.6,8.594
1995-06-21,5.19,1.67,8.061,0.0,0,0.0,0.0,12.8
1995-06-22,4.89,1.597,5.474,0.0,0,0.0,0.0,11.43
1995-06-23,4.27,1.595,4.403,0.0,0,0.0,0.0,9.522
1995-06-24,3.99,1.617,3.947,0.0,0,0.0,0.0,8.454
1995-06-25,3.97,1.636,3.879,0.0,0,0.0,0.0,8.221
1995-06-26,4.1,1.643,3.711,0.0,0,0.0,0.0,8.236
1995-06-27,3.86,1.569,3.548,0.0,0,0.0,0.0,7.895
1995-06-28,3.62,1.555,3.453,0.0,0,0.0,0.0,7.297
1995-06-29,3.48,1.55,3.28,0.0,0,0.0,0.0,6.596
1995-06-30,3.39,1.458,3.093,0.0,0,0.0,0.0,6.59
1995-07-01,3.32,1.305,3.032,0.0,0,0.0,0.0,6.517
1995-07-02,3.38,1.315,3.055,0.0,0,0.0,0.0,6.622
1995-07-03,3.4,1.338,3.043,0.0,0,4.8,0.0,6.516
1995-07-04,3.45,1.32,3.076,0.0,0,5.6,0.0,6.486
1995-07-05,3.41,1.317,3.053,0.0,0.8,0.0,0.0,6.481
1995-07-06,3.6,1.341,3.074,0.0,0,2.4,4.8,6.434
1995-07-07,3.45,1.337,3.07,3.2,0,12.0,12.0,6.253
1995-07-08,3.58,1.302,3.653,0.0,0,0.0,0.0,6.155
1995-07-09,4.19,1.254,4.302,0.0,0,0.0,0.0,8.088
1995-07-10,3.62,1.247,3.565,0.0,0,0.0,0.0,7.286
1995-07-11,3.48,1.29,3.375,3.2,15.2,0.0,0.0,6.438
1995-07-12,3.53,1.443,3.257,0.0,0,0.0,0.0,6.496
1995-07-13,3.83,1.4,3.82,0.0,13.6,0.0,0.0,6.782
1995-07-14,5.01,1.472,3.854,1.6,10.8,0.0,0.0,8.683
1995-07-15,4.02,1.55,3.424,0.8,3.2,0.0,0.8,8.091
1995-07-16,3.71,1.365,3.231,0.0,0,0.0,0.8,7.021
1995-07-17,3.69,1.465,3.178,15.2,17.6,11.2,0.8,6.687
1995-07-18,3.9,1.559,4.703,2.4,0.8,76.0,0.8,7.742
1995-07-19,3.79,1.384,7.386,0.0,0,4.8,0.8,9.991
1995-07-20,3.83,1.265,5.141,0.8,0,0.8,1.6,9.033
1995-07-21,3.78,1.467,4.092,2.4,5.6,13.6,4.8,7.94
1995-07-22,3.4,1.28,3.569,0.0,0,0.0,0.0,7.088
1995-07-23,3.31,1.194,3.558,1.6,0,8.0,4.0,6.707
1995-07-24,3.3,1.214,3.365,0.0,0,4.0,0.0,6.377
1995-07-25,3.2,1.203,3.184,0.0,0,0.0,0.0,5.951
1995-07-26,3.16,1.204,3.087,0.8,1.6,0.0,0.0,5.619
1995-07-27,3.13,1.185,2.992,0.0,0,0.0,0.0,5.541
1995-07-28,3.06,1.156,2.864,0.0,0,0.0,0.0,5.406
1995-07-29,2.78,1.143,2.722,0.0,0,0.0,0.0,5.287
1995-07-30,2.66,1.117,2.588,0.0,0,8.8,9.6,5.201
1995-07-31,2.55,1.117,2.96,0.0,0,0.0,0.8,5.046
1995-08-01,2.66,1.101,3.038,0.0,0,0.0,0.0,5.491
1995-08-02,2.62,1.096,2.808,0.0,0,0.0,0.0,5.234
1995-08-03,2.43,1.068,2.537,0.0,0,4.0,0.0,4.814
1995-08-04,2.43,1.058,2.402,0.0,0,0.0,0.0,4.433
1995-08-05,2.43,1.075,2.386,0.0,0,0.0,0.0,4.578
1995-08-06,2.45,1.097,2.355,0.0,0,0.0,0.0,4.605
1995-08-07,2.51,1.073,2.309,0.0,0,0.0,0.0,4.596
1995-08-08,2.4,1.077,2.293,0.0,0,0.0,0.0,4.696
1995-08-09,2.36,1.072,2.299,0.0,0,0.0,0.0,4.581
1995-08-10,2.34,1.084,2.252,0.0,0,0.0,0.0,4.259
1995-08-11,2.37,1.087,2.185,0.0,0,0.0,0.0,4.145
1995-08-12,2.5,1.102,2.27,3.2,8.8,43.2,6.4,4.151
1995-08-13,2.59,1.115,2.229,0.0,0,0.0,0.0,4.447
1995-08-14,2.51,1.072,2.211,0.0,0,0.0,0.0,4.381
1995-08-15,2.44,1.055,2.164,0.0,0,0.0,0.0,4.202
1995-08-16,2.41,1.037,2.157,0.0,0,0.8,0.0,4.075
1995-08-17,2.37,1.043,2.121,0.0,0,0.0,0.0,3.858
1995-08-18,2.34,1.032,2.104,0.0,0,0.0,0.0,4.121
1995-08-19,2.35,1.036,2.125,0.0,0,0.0,0.0,4.175
1995-08-20,2.39,1.018,2.167,0.0,0,0.0,0.0,4.011
1995-08-21,2.27,1.016,2.092,0.0,0,0.0,0.0,3.965
1995-08-22,2.13,1.004,2.044,0.0,0,0.0,0.0,4.138
1995-08-23,2.08,1.038,2.021,2.4,0,2.4,2.4,3.694
1995-08-24,2.06,1.002,1.996,0.8,0,29.6,7.2,3.757
1995-08-25,2.11,1.015,1.954,0.8,0.8,0.0,0.8,3.748
1995-08-26,2.17,1.06,2.098,1.6,0.8,11.2,3.2,4.245
1995-08-27,2.38,1.102,2.109,0.0,0,8.0,5.6,4.55
1995-08-28,2.23,1.06,2.112,0.0,0,0.0,0.0,4.548
1995-08-29,2.19,1.037,2.197,0.8,0,4.8,4.0,4.429
1995-08-30,2.24,1.041,2.255,0.0,0,0.0,0.0,4.621
1995-08-31,2.26,1.099,2.287,0.0,0,0.0,0.0,4.633
1995-09-01,2.27,1.105,2.31,0.8,0,0.8,0.0,4.687
1995-09-02,2.4,1.176,2.3,0.0,11.2,16.8,4.0,4.772
1995-09-03,2.55,1.156,2.308,17.6,25.6,12.8,7.2,4.936
1995-09-04,2.88,1.165,2.447,0.0,0,4.8,0.0,5.218
1995-09-05,2.72,1.14,2.409,0.8,0,0.0,2.4,5.341
1995-09-06,2.66,1.142,2.377,4.8,3.2,3.2,0.8,5.253
1995-09-07,5.09,3.535,3.645,35.2,71.2,47.2,24.8,8.918
1995-09-08,9.26,9.589,5.906,4.8,24.8,0.8,1.6,22.79
1995-09-09,7.62,3.833,5.586,0.0,52.8,0.0,0.0,20.01
1995-09-10,5.51,1.91,3.879,28.0,10,46.4,25.6,11.31
1995-09-11,8.24,3.868,4.582,5.6,69.6,5.6,27.2,15.12
1995-09-12,8.44,2.334,6.838,5.6,0,1.6,0.8,18.72
1995-09-13,5.69,1.906,5.137,0.0,0,7.2,0.0,14.16
1995-09-14,4.82,1.644,4.149,0.0,0,0.0,0.0,10.98
1995-09-15,4.18,1.483,3.766,0.0,0,0.0,0.0,9.331
1995-09-16,3.73,1.379,3.409,0.0,0,0.0,0.0,8.33
1995-09-17,3.6,1.324,3.219,2.4,9.6,11.6,0.0,7.606
1995-09-18,3.67,1.344,3.182,0.0,0,0.0,4.0,7.519
1995-09-19,3.39,1.324,3.103,0.8,0,0.0,0.0,7.272
1995-09-20,3.2,1.3,2.993,0.0,0,0.0,0.0,6.839
1995-09-21,3.1,1.265,2.875,0.0,0,0.0,0.0,6.588
1995-09-22,3.04,1.293,2.768,1.6,0,2.4,1.6,6.28
1995-09-23,2.93,1.271,2.692,1.6,0,6.4,15.2,6.04
1995-09-24,3.0,1.335,5.028,16.8,12,43.2,51.6,6.284
1995-09-25,5.79,1.444,7.818,2.4,4,40.8,13.6,13.2
1995-09-26,5.62,2.727,15.249,0.0,0,18.4,2.4,18.67
1995-09-27,5.57,2.22,8.653,11.2,1.6,42.4,8.8,17.88
1995-09-28,4.32,1.7,6.861,0.0,0,15.2,2.4,12.14
1995-09-29,4.16,1.472,5.529,0.0,0,0.8,0.0,10.73
1995-09-30,3.71,1.447,4.715,1.6,0,20.0,7.2,9.433
1995-10-01,3.53,1.65,4.176,4.0,2.4,14.4,16.0,8.584
1995-10-02,3.66,1.517,6.432,5.6,6.4,6.4,4.0,9.635
1995-10-03,5.01,1.427,6.424,6.4,1.6,29.6,43.2,11.2
1995-10-04,9.34,1.434,25.34,6.4,12,15.2,12.8,24.47
1995-10-05,12.3,1.533,15.576,0.8,0,29.2,9.6,31.62
1995-10-06,15.5,1.724,32.467,26.4,6.4,53.6,46.4,32.1
1995-10-07,22.9,2.36,24.877,4.0,0,18.4,13.6,56.63
1995-10-08,10.3,1.793,15.635,0.8,0,0.0,0.0,28.7
1995-10-09,8.0,1.621,10.189,4.0,0,0.0,0.8,20.15
1995-10-10,5.82,1.5,7.297,1.6,0,0.0,0.0,12.82
1995-10-11,4.98,1.461,6.036,0.0,0,0.8,0.0,11.69
1995-10-12,4.5,1.468,5.177,0.0,0,4.0,0.8,9.747
1995-10-13,4.18,1.454,4.547,0.0,0,0.0,0.0,9.052
1995-10-14,3.91,1.449,4.168,0.0,0,0.0,0.0,8.775
1995-10-15,3.69,1.441,3.903,0.0,0,8.8,8.0,8.092
1995-10-16,3.52,1.423,3.932,0.0,0,0.0,0.8,8.045
1995-10-17,3.74,1.733,5.595,13.6,4,32.0,44.0,8.661
1995-10-18,5.67,1.546,13.412,0.8,0,0.0,0.0,17.19
1995-10-19,5.19,1.452,7.035,1.6,0,19.2,3.2,14.48
1995-10-20,4.34,1.455,7.187,0.8,2.4,6.4,0.8,11.44
1995-10-21,4.62,1.466,6.823,0.0,0,0.0,0.0,12.02
1995-10-22,4.01,1.419,5.424,0.0,0,0.0,9.6,10.47
1995-10-23,3.7,1.387,4.831,0.0,0,0.0,0.8,9.249
1995-10-24,3.85,1.417,5.047,12.0,20,17.6,0.0,9.187
1995-10-25,5.26,1.972,12.358,1.6,0,11.2,0.0,13.35
1995-10-26,9.27,1.585,12.167,1.6,0,16.8,0.0,22.87
1995-10-27,6.06,1.47,8.007,0.8,2.4,16.8,0.0,15.78
1995-10-28,5.19,1.419,7.619,0.0,0,0.8,0.0,13.41
1995-10-29,4.55,1.405,6.241,0.0,0,0.8,0.0,11.75
1995-10-30,4.12,1.399,5.355,0.0,0,0.8,0.0,10.26
1995-10-31,3.88,1.427,4.849,1.6,2.4,0.0,13.6,9.343
1995-11-01,3.66,1.347,4.486,0.0,0,0.0,0.0,8.601
1995-11-02,3.55,1.371,4.184,0.0,0,0.0,0.0,8.094
1995-11-03,3.48,1.354,3.943,0.0,0,0.0,0.0,7.742
1995-11-04,3.27,1.299,3.933,0.0,0,0.0,0.0,7.14
1995-11-05,3.21,1.283,3.725,0.0,0,0.0,0.0,6.907
1995-11-06,3.13,1.311,3.547,0.0,1.6,0.0,0.0,6.761
1995-11-07,3.1,1.339,3.527,0.0,11.2,0.0,0.8,6.478
1995-11-08,3.19,1.37,3.497,1.6,18.4,0.0,3.2,6.395
1995-11-09,3.31,1.509,3.517,1.6,7.2,0.0,1.6,6.783
1995-11-10,3.39,1.603,3.619,12.8,25.6,0.0,9.6,7.23
1995-11-11,5.5,2.813,14.232,44.8,56,0.0,40.0,10.64
1995-11-12,31.1,4.94,33.155,0.0,0,0.0,0.0,59.55
1995-11-13,11.9,2.44,13.649,0.0,0,0.0,0.0,35.39
1995-11-14,7.77,1.893,9.243,0.0,0,0.0,4.8,20
1995-11-15,7.29,2.075,10.698,36.8,56,0.0,61.6,17.3
1995-11-16,52.8,3.8,58.582,45.6,77.6,0.0,6.4,76.99
1995-11-17,27.4,3.003,21.62,0.8,21.6,0.0,0.0,66.66
1995-11-18,13.2,2.046,12.586,0.0,0,0.0,0.0,31.58
1995-11-19,9.66,1.773,9.36,0.0,0,0.0,0.0,21.68
1995-11-20,8.95,1.682,7.933,0.8,0,0.0,0.0,18.17
1995-11-21,8.1,1.684,7.173,15.2,9.6,0.0,20.8,16.77
1995-11-22,10.7,1.732,12.391,3.2,0,0.0,5.6,20.67
1995-11-23,9.56,1.715,11.404,8.0,0,0.0,12.8,22.52
1995-11-24,20.7,1.75,45.111,23.2,16.8,0.0,59.2,37.03
1995-11-25,36.0,2.334,42.925,2.4,1.6,0.0,3.2,88.54
1995-11-26,15.8,2.283,21.997,6.4,7.2,0.0,1.6,45.18
1995-11-27,13.3,2.226,15.471,6.4,3.2,0.0,3.2,33.22
1995-11-28,11.2,1.974,12.264,4.8,0,5.6,2.4,25.97
1995-11-29,10.2,1.901,10.69,0.8,0.8,3.2,0.8,22.97
1995-11-30,9.5,2.022,9.849,0.0,0,0.0,0.0,21.25
1995-12-01,8.31,1.992,8.34,0.8,0,1.6,0.0,18.87
1995-12-02,7.55,1.999,7.615,2.4,1.6,4.0,1.6,16.8
1995-12-03,9.34,3.295,8.991,11.2,56,30.4,10.4,19.35
1995-12-04,16.1,7.192,15.428,8.0,13.6,7.2,11.2,38.07
1995-12-05,15.0,3.872,12.333,1.6,4.8,0.0,0.0,36.07
1995-12-06,12.5,3.226,10.019,12.8,13.6,0.8,16.0,27.62
1995-12-07,13.5,3.842,9.997,2.4,0.8,0.8,4.0,29.03
1995-12-08,11.6,3.313,9.14,0.0,4.8,0.8,4.0,26.62
1995-12-09,9.78,2.815,8.25,12.0,0,21.6,1.6,22.38
1995-12-10,12.2,2.872,17.482,0.0,0,2.4,0.0,25.32
1995-12-11,14.6,3.053,16.237,0.8,0,0.0,0.0,36.19
1995-12-12,10.5,2.343,11.334,1.6,0,0.8,0.0,25.58
1995-12-13,9.3,2.133,9.82,7.2,8,0.8,0.0,21.41
1995-12-14,8.97,2.168,9.158,9.6,10.4,2.4,0.8,20
1995-12-15,9.2,2.182,8.597,1.6,0,3.2,1.6,19.4
1995-12-16,9.14,2.141,8.141,1.6,0.8,0.0,0.0,19.1
1995-12-17,9.37,2.105,7.68,0.0,0,0.0,0.0,18.54
1995-12-18,8.34,2.035,7.144,0.0,0,0.0,0.8,17.29
1995-12-19,7.66,2.147,6.618,0.8,3.2,0.0,2.4,15.99
1995-12-20,7.63,2.16,6.434,0.0,0,0.0,0.0,15.33
1995-12-21,7.06,2.133,6.074,0.0,0.8,0.0,2.4,14.81
1995-12-22,22.4,10.927,28.575,39.2,87.2,74.8,40.8,35.64
1995-12-23,57.8,10.534,35.348,8.8,26.4,1.6,1.6,99.21
1995-12-24,28.3,5.521,19.24,0.0,2.4,0.0,4.0,63.44
1995-12-25,16.9,3.969,13.227,0.0,0,0.0,0.0,38.36
1995-12-26,11.7,3.15,8.956,0.0,0,0.8,0.0,25.95
1995-12-27,11.2,2.51,9.15,0.0,0,0.8,0.0,19.98
1995-12-28,8.4,2.514,9.163,0.0,0,0.0,0.0,16.57
1995-12-29,8.99,2.513,9.176,0.0,0,0.0,0.0,16.63
1995-12-30,7.61,2.413,9.116,0.0,0,0.0,0.0,15.82
1995-12-31,8.34,3.01,7.561,0.0,7.2,2.4,0.0,17.9
1996-01-01,8.74,3.142,7.501,26.4,2.4,16.8,8.0,18.88
1996-01-02,10.2,3.421,9.147,8.0,0,0.0,0.8,21.18
1996-01-03,10.1,3.567,10.537,0.8,0,0.0,0.0,22.95
1996-01-04,15.3,3.899,17.17,11.2,5.6,16.0,8.0,30.86
1996-01-05,23.9,5.143,26.772,8.0,4.8,28.0,18.4,48.28
1996-01-06,34.5,7.975,32.605,8.0,4.8,4.8,2.4,69.82
1996-01-07,44.0,13.713,47.777,20.0,8.8,21.6,16.8,87.5
1996-01-08,53.7,14.281,57.158,18.4,20.8,63.2,24.0,111.7
1996-01-09,61.0,15.158,54.12,0.8,3.2,7.2,0.8,128.9
1996-01-10,32.4,10.548,30.086,0.8,0,80000.0,0.8,84.33
1996-01-11,21.9,9.286,24.243,20.0,12,1.6,10.4,58.66
1996-01-12,30.5,11.385,30.107,8.0,1.6,12.0,6.4,66.55
1996-01-13,48.6,12.263,69.089,16.8,12,38.4,36.8,101.4
1996-01-14,40.1,9.853,39.237,1.6,0,24.0,0.8,100.9
1996-01-15,21.8,8.242,25.492,0.0,0,0.0,0.0,61.25
1996-01-16,17.2,7.6,19.15,0.8,0,0.0,0.0,46.7
1996-01-17,15.1,6.585,15.745,0.0,0,1.6,0.0,39.46
1996-01-18,13.7,4.042,13.593,0.0,0,0.0,0.0,32.78
1996-01-19,12.5,3.774,12.169,0.8,0,0.0,0.0,29.13
1996-01-20,12.1,3.825,11.75,3.2,0,4.8,3.2,27.66
1996-01-21,12.1,3.863,11.333,0.0,0,0.0,0.0,27.16
1996-01-22,11.2,3.601,10.391,5.6,0,0.8,0.0,25.62
1996-01-23,10.5,3.529,9.936,0.0,0,0.0,0.0,23.95
1996-01-24,9.78,3.288,9.025,0.0,0,0.0,0.0,22.13
1996-01-25,9.04,3.059,8.265,0.0,0,0.0,0.0,20.28
1996-01-26,8.38,2.972,7.512,0.0,8,0.0,0.0,18.58
1996-01-27,8.23,3.045,7.362,0.0,17.6,0.0,0.0,18.11
1996-01-28,8.27,3.153,7.116,0.0,0,0.0,0.0,18.05
1996-01-29,8.38,2.978,7.251,0.0,0,0.0,0.0,18.26
1996-01-30,8.59,3.055,7.005,0.0,0,0.0,0.0,18.13
1996-01-31,10.0,3.22,6.945,0.8,0,0.0,0.8,19.88
1996-02-01,10.3,3.351,6.835,0.0,0,0.0,1.6,21.32
1996-02-02,10.0,3.647,6.876,1.6,0,0.0,1.6,21.32
1996-02-03,11.1,3.79,7.001,8.0,10.4,0.0,0.0,21.71
1996-02-04,13.3,4.164,7.111,3.2,0.8,0.8,0.8,25.15
1996-02-05,11.9,3.645,7.004,0.0,0,0.0,0.0,24.38
1996-02-06,10.2,3.266,6.709,0.0,4.8,0.0,0.0,21.76
1996-02-07,9.04,3.008,6.578,0.0,0.8,0.0,0.0,19.01
1996-02-08,8.2,2.778,6.341,3.2,1.6,10.4,1.6,17.25
1996-02-09,12.7,a,7.576,0.0,37.6,12.0,14.4,20.58
1996-02-10,29.7,10.643,48.989,27.2,1.6,47.2,39.2,60.62
1996-02-11,82.2,19.005,98.641,14.4,0,26.4,8.0,160.9
1996-02-12,133.0,40.81,105.632,4.0,115.2,76.8,53.6,220.2
1996-02-13,139.0,37.481,70.855,0.0,15.2,0.0,0.8,232.8
1996-02-14,83.3,23.768,40.948,0.0,0,0.0,0.8,178.9
1996-02-15,51.8,14.671,32.196,0.0,0,0.0,0.0,114.5
1996-02-16,77.6,14.091,61.799,0.0,0.8,0.0,20.8,127.4
1996-02-17,59.8,12.767,44.598,0.0,0,0.0,33.6,126.7
1996-02-18,60.5,20.272,84.129,0.0,15.2,0.0,24.0,139.5
1996-02-19,39.8,16.058,39.72,0.0,4.8,0.0,0.0,111.4
1996-02-20,23.2,12.67,25.713,0.0,4,0.0,2.4,69.55
1996-02-21,20.3,10.099,20.678,0.0,10.4,0.0,2.4,54.79
1996-02-22,25.6,9.698,21.294,0.0,12,0.0,6.4,52.58
1996-02-23,34.0,10.331,22.41,0.0,0.8,0.0,21.6,66
1996-02-24,46.2,11.723,55.429,0.0,2.4,0.0,12.8,91.42
1996-02-25,49.3,11.821,40.513,0.0,9.6,0.0,14.4,104.7
1996-02-26,30.2,10.042,27.288,0.0,0,0.8,4.0,74.81
1996-02-27,22.3,10.226,21.646,0.0,0,0.0,0.0,58.99
1996-02-28,19.3,9.111,19.006,0.0,0,0.8,0.0,50.42
1996-02-29,17.4,8.478,16.559,0.0,0,0.0,0.0,44.56
1996-03-01,17.5,7.769,17.177,0.0,0,0.0,0.0,42.51
1996-03-02,19.6,5.409,19.074,0.0,3.2,0.0,4.8,42.84
1996-03-03,25.9,5.233,19.665,0.0,5.6,0.0,0.0,49.6
1996-03-04,25.6,5.108,19.829,0.0,0,1.6,0.0,52.67
1996-03-05,19.7,4.779,15.523,0.0,0,4.0,0.0,45.33
1996-03-06,16.3,4.453,12.839,0.0,0,0.8,0.8,36.83
1996-03-07,15.2,3.66,11.669,0.0,0.8,0.8,1.6,33.24
1996-03-08,14.6,3.421,11.301,0.0,4.8,0.0,0.0,31.39
1996-03-09,13.4,3.847,10.577,0.0,7.2,8.0,7.2,28.85
1996-03-10,12.3,3.607,10.328,0.0,0,0.0,0.0,26.76
1996-03-11,12.2,3.563,10.101,0.0,8,23.2,28.8,25.89
1996-03-12,13.1,4.44,11.427,0.0,8.8,0.0,0.0,29.22
1996-03-13,12.6,4.22,10.898,0.0,0,0.0,0.0,30.08
1996-03-14,12.0,4.02,9.864,0.0,0,0.0,0.8,27.33
1996-03-15,12.2,4.294,9.598,0.0,0,0.8,0.0,26.48
1996-03-16,13.8,6.458,11.129,0.0,16,16.0,11.2,29.56
1996-03-17,17.7,8.4,12.863,0.0,0,22.4,7.2,38.89
1996-03-18,17.2,7.2,14.177,0.0,0,0.0,0.0,39.75
1996-03-19,16.7,6.468,16.589,0.0,0.8,0.0,0.0,39.42
1996-03-20,17.4,5.955,17.508,0.0,0,0.0,0.0,40.85
1996-03-21,16.0,5.452,15.628,0.0,1.6,2.4,0.8,38.01
1996-03-22,21.3,6.23,19.665,0.0,11.2,2.4,0.8,43.07
1996-03-23,20.3,6.583,18.906,0.0,0.8,3.2,0.0,46.38
1996-03-24,22.4,6.125,22.591,0.0,0,3.2,0.0,49.81
1996-03-25,19.9,5.371,18.738,0.0,0,0.0,0.8,46.05
1996-03-26,16.9,5.032,15.786,0.0,1.6,0.0,0.8,38.93
1996-03-27,15.2,4.638,13.662,0.0,0,0.0,0.0,34.02
1996-03-28,13.8,4.326,12.04,0.0,0,0.0,0.0,30.28
1996-03-29,13.0,3.928,11.043,0.0,0,0.0,0.0,27.85
1996-03-30,11.8,3.636,10.047,0.0,0,0.0,0.0,25.08
1996-03-31,11.0,4.161,9.355,0.0,1.6,0.0,0.0,23.31
1996-04-01,10.4,4.191,8.702,0.0,0,0.0,8.8,23.26
1996-04-02,9.72,3.309,8.127,0.0,0,0.0,0.8,20.73
1996-04-03,9.2,3.117,7.731,0.0,4,4.0,0.0,19.42
1996-04-04,8.9,3.009,7.336,0.0,0,0.0,0.0,18.4
1996-04-05,8.75,2.772,7.173,0.0,0,0.0,0.0,17.77
1996-04-06,8.58,2.71,7.078,0.0,0,0.0,0.0,17.29
1996-04-07,8.48,2.669,6.947,0.0,0,0.0,0.0,16.94
1996-04-08,8.25,2.619,6.927,0.0,0,1.6,8.0,16.52
1996-04-09,8.5,2.588,7.026,0.0,0,0.0,0.0,16.33
1996-04-10,9.14,2.681,7.667,9.6,5.6,9.6,4.0,17.87
1996-04-11,8.41,2.635,7.396,2.4,0,0.0,0.0,17.41
1996-04-12,8.15,2.727,7.338,3.2,0,2.4,0.8,16.91
1996-04-13,7.89,2.618,7.042,0.0,0,3.2,2.4,16.41
1996-04-14,7.38,2.498,6.706,3.2,0,6.4,1.6,15.39
1996-04-15,7.23,2.514,6.622,0.0,0,1.6,0.8,14.82
1996-04-16,7.36,2.499,6.62,0.8,1.6,30.4,15.2,14.87
1996-04-17,7.44,2.555,6.871,2.4,0.8,12.0,4.0,14.88
1996-04-18,7.61,-999,13.918,0.8,4.8,47.2,32.0,16.84
1996-04-19,12.4,3.365,20.909,0.0,0.8,0.8,0.0,34.25
1996-04-20,8.99,2.797,11.716,0.8,2.4,3.2,0.0,24.36
1996-04-21,7.74,2.714,9.422,0.0,0,0.8,0.8,18.61
1996-04-22,7.26,2.867,8.313,0.8,0,0.0,0.0,17.85
1996-04-23,13.4,5.597,25.0,0.0,42.4,72.8,48.0,29.55
1996-04-24,18.9,4.12,30.626,0.0,0,80.0,10.4,50.88
1996-04-25,16.7,3.651,26.72,0.0,23.2,13.6,1.6,48.77
1996-04-26,13.4,3.142,16.2,0.0,0.8,16.0,0.0,35.72
1996-04-27,10.7,2.803,13.66,0.0,0,12.0,0.0,26.47
1996-04-28,9.81,2.631,11.89,0.0,5.6,19.2,0.0,23.78
1996-04-29,8.59,2.754,9.709,0.0,0.8,29.6,0.0,19.78
1996-04-30,8.58,4.002,11.34,0.0,36.8,27.2,0.0,20.01
1996-05-01,14.2,9.681,35.408,0.0,15.2,38.4,16.0,36.92
1996-05-02,47.6,33.618,55.277,0.0,20.8,0.8,4.0,118
1996-05-03,26.1,16.146,24.122,0.0,0,8.0,0.0,79.52
1996-05-04,14.8,8.355,15.955,0.0,0,0.0,0.0,42.63
1996-05-05,11.7,6.172,12.673,0.0,0,0.0,0.0,30.78
1996-05-06,10.1,5.05,10.639,0.0,11.2,3.2,0.0,25.43
1996-05-07,9.06,4.343,9.415,0.0,0,0.0,0.0,22.11
1996-05-08,8.34,3.847,8.366,0.0,4,0.0,0.0,19.42
1996-05-09,7.82,3.549,7.663,0.8,0,0.0,0.8,17.46
1996-05-10,7.43,3.403,7.293,14.4,21.6,3.2,2.4,16.54
1996-05-11,7.91,3.507,7.83,11.2,10.4,1.6,4.8,16.78
1996-05-12,8.84,3.43,8.566,8.8,8,0.8,0.8,18.09
1996-05-13,9.84,3.277,8.3,0.0,0,0.0,0.8,19.11
1996-05-14,8.51,2.973,7.25,0.0,0,0.0,0.0,17.79
1996-05-15,7.48,2.827,6.653,0.0,0,0.0,0.0,15.21
1996-05-16,6.96,2.641,6.308,0.0,0.8,0.0,0.0,14.01
1996-05-17,6.72,2.623,6.119,2.4,2.4,0.8,0.0,13.28
1996-05-18,6.65,2.558,5.984,0.0,0,0.0,0.0,13.03
1996-05-19,6.82,2.777,5.984,8.8,24,22.4,4.8,13.34
1996-05-20,6.79,2.612,6.807,15.2,0,42.4,5.6,13.4
1996-05-21,8.38,2.541,10.011,0.0,0,0.8,0.0,17.43
1996-05-22,7.6,2.846,8.955,11.2,8.8,52.0,7.2,16.83
1996-05-23,11.2,4.409,18.437,3.2,2.4,7.2,1.6,27.83
1996-05-24,10.5,4.578,13.569,1.6,4,4.8,3.2,28.7
1996-05-25,8.59,3.697,10.616,0.0,0,11.2,0.0,22.7
1996-05-26,7.29,3.195,8.623,18.4,8,64.8,24.8,17.83
1996-05-27,10.8,3.925,16.267,5.6,7.2,41.2,5.6,22.79
1996-05-28,11.1,3.549,12.577,6.4,0,197.2,13.6,28.93
1996-05-29,9.59,3.417,24.597,0.0,0,0.0,6.4,29.35
1996-05-30,10.7,4.221,22.154,15.2,9.6,12.8,4.8,34.53
1996-05-31,12.6,4.017,17.429,0.8,0.8,4.0,0.0,33.95
1996-06-01,8.53,3.029,10.603,0.8,0,0.8,0.8,22.37
1996-06-02,7.66,2.626,8.536,0.0,4.8,158.8,0.0,17.71
1996-06-03,6.84,2.465,7.379,3.2,2.4,33.6,0.0,15.35
1996-06-04,6.21,2.343,6.75,0.0,4,4.0,0.0,13.49
1996-06-05,6.16,2.244,6.375,0.0,0,0.0,0.0,12.65
1996-06-06,5.7,2.157,5.668,3.2,0,0.8,0.0,10.77
1996-06-07,6.04,2.47,5.907,4.0,21.6,8.8,0.0,11.59
1996-06-08,6.9,5.387,5.884,0.8,15.2,0.8,0.0,16.58
1996-06-09,5.42,2.791,4.952,0.8,0,0.0,0.0,12.38
1996-06-10,5.1,2.38,4.64,1.6,3.2,7.2,0.0,10.47
1996-06-11,5.02,2.843,4.638,4.0,12.8,44.0,8.0,10.41
1996-06-12,4.91,2.915,6.525,0.0,0,0.0,0.0,11.46
1996-06-13,4.76,2.312,6.609,0.0,0,0.0,11.2,12.42
1996-06-14,4.49,2.105,5.199,0.0,0,0.0,0.0,10.31
1996-06-15,4.3,1.989,4.518,0.0,0,0.0,0.0,8.883
1996-06-16,4.12,1.94,4.078,0.0,0,0.0,0.0,8.469
1996-06-17,4.03,1.922,3.889,0.0,0,0.0,0.0,7.692
1996-06-18,3.91,1.821,3.844,0.0,0,0.0,0.0,8.196
1996-06-19,3.89,1.806,3.752,0.0,0,4.0,0.0,8.271
1996-06-20,3.89,1.803,3.627,0.0,0,0.0,0.0,7.797
1996-06-21,3.86,1.788,3.565,0.0,0,0.0,0.0,7.308
1996-06-22,3.79,1.783,3.517,0.0,0,0.0,0.0,7.858
1996-06-23,3.72,1.737,3.442,0.0,0,0.0,0.0,8.03
1996-06-24,3.56,1.738,3.396,0.0,0,0.0,0.0,7.592
1996-06-25,3.4,1.697,3.319,0.0,0,0.0,0.0,7.2
1996-06-26,3.53,1.781,3.364,11.2,0,14.4,0.8,7.301
1996-06-27,3.57,1.835,3.385,0.0,0,0.0,0.0,7.64
1996-06-28,4.02,2.642,3.821,7.2,32.8,38.4,0.0,8.891
1996-06-29,3.95,2.146,3.571,0.8,0,13.6,0.0,9.096
1996-06-30,3.59,1.792,3.537,8.0,0.8,42.4,0.8,8.009
1996-07-01,4.24,1.81,3.618,14.4,23.2,43.2,0.8,8.112
1996-07-02,4.27,1.959,3.605,4.0,2.4,0.0,0.0,8.743
1996-07-03,4.38,2.544,8.729,32.0,33.6,92.0,0.0,9.743
1996-07-04,7.81,3.651,23.383,17.6,8.4,33.6,0.0,25.6
1996-07-05,12.3,3.048,16.628,0.0,0,0.0,0.0,34.37
1996-07-06,6.68,2.123,8.098,0.0,0,0.8,0.0,19.06
1996-07-07,5.18,1.926,6.111,16.0,10.4,9.6,0.0,12.78
1996-07-08,5.2,2.001,5.034,0.0,0,0.0,0.0,11.23
1996-07-09,4.57,1.836,4.432,0.0,1.6,4.0,26.0,9.98
1996-07-10,4.06,1.758,3.894,0.0,0,0.0,0.0,8.654
1996-07-11,3.77,1.71,3.901,0.8,8,23.2,0.0,7.911
1996-07-12,3.65,1.736,3.689,0.8,4.8,16.8,0.0,7.658
1996-07-13,3.51,1.648,3.558,0.0,0,50.4,0.0,7.172
1996-07-14,3.38,1.605,3.589,0.0,0,0.0,0.0,6.912
1996-07-15,3.18,1.549,3.584,0.0,0,0.0,0.0,7.047
1996-07-16,3.04,1.507,3.425,0.0,0,0.0,0.0,6.94
1996-07-17,3.0,1.493,3.229,0.0,0,0.0,0.0,6.478
1996-07-18,2.91,1.484,3.12,0.0,0,0.0,0.0,6.009
1996-07-19,2.84,1.464,2.997,0.0,0,0.0,0.0,5.982
1996-07-20,2.68,1.478,2.85,0.0,0,0.0,0.0,5.672
1996-07-21,2.58,1.43,2.724,0.0,0,0.0,0.0,5.357
1996-07-22,2.5,1.426,2.712,0.0,0,0.0,0.0,5.322
1996-07-23,2.59,1.423,3.125,3.2,33.6,0.0,0.0,5.333
1996-07-24,3.95,1.58,3.16,6.4,1.6,6.4,0.0,6.615
1996-07-25,3.28,1.473,2.838,0.0,0,0.0,0.0,6.829
1996-07-26,3.0,1.412,2.659,0.0,0,5.6,0.0,5.903
1996-07-27,2.82,1.413,2.559,0.0,0,0.0,0.0,5.732
1996-07-28,2.84,1.436,2.684,4.0,7.2,16.8,0.0,5.714
1996-07-29,3.04,2.274,2.986,10.4,18.4,62.8,0.0,6.648
1996-07-30,3.13,3.003,7.37,0.8,0,12.0,0.0,11.01
1996-07-31,3.47,1.945,5.133,0.0,0,0.8,0.0,9.931
1996-08-01,3.18,1.664,5.001,0.0,0,0.0,0.0,9.123
1996-08-02,3.05,1.522,3.829,0.0,0,0.0,0.0,7.617
1996-08-03,2.8,1.459,3.557,0.0,0,0.0,0.0,6.872
1996-08-04,2.7,1.449,3.316,0.0,0,0.0,0.0,6.422
1996-08-05,2.65,1.452,3.182,0.0,0,0.0,0.0,5.958
1996-08-06,3.01,1.644,3.359,4.8,28,24.0,4.0,6.738
1996-08-07,3.29,2.29,3.505,1.6,10,26.4,0.0,7.952
1996-08-08,3.21,1.795,3.234,0.8,0,18.4,0.0,7.691
1996-08-09,3.21,1.628,3.29,0.0,5.2,0.0,0.0,7.371
1996-08-10,3.46,1.845,3.593,32.8,14.8,59.6,0.0,7.712
1996-08-11,5.07,2.174,9.281,3.2,14.4,0.8,0.0,13.39
1996-08-12,4.9,1.732,5.706,0.8,0,2.4,0.0,12.9
1996-08-13,3.9,1.558,4.176,0.0,0,0.0,0.0,9.586
1996-08-14,3.39,1.503,3.637,0.0,0,0.0,0.0,7.949
1996-08-15,3.1,1.468,3.429,0.0,0,0.0,0.0,7.109
1996-08-16,2.92,1.457,3.123,0.0,0,0.0,0.0,6.453
1996-08-17,2.78,1.423,2.947,0.0,0,0.0,0.0,6.105
1996-08-18,2.68,1.4,2.788,0.0,0,0.0,0.0,5.531
1996-08-19,2.6,1.386,2.659,0.0,0,0.0,0.0,5.647
1996-08-20,2.53,1.458,2.599,2.4,3.2,16.0,0.0,5.224
1996-08-21,2.56,1.72,2.551,0.8,2.4,10.4,0.0,5.266
1996-08-22,3.13,1.555,2.794,21.6,31.2,54.4,0.0,5.648
1996-08-23,3.37,3.543,3.186,13.6,19.2,24.4,0.0,8.521
1996-08-24,4.06,3.492,4.404,2.4,34.4,80.8,0.0,10.66
1996-08-25,4.42,2.717,10.481,4.0,5.6,16.0,0.0,14.88
1996-08-26,4.53,2.242,11.785,3.2,30.4,72.8,0.0,15.74
1996-08-27,13.9,10.682,29.987,16.8,17.6,18.8,0.0,41.07
1996-08-28,14.7,4.387,18.813,28.0,8.8,16.8,0.0,40.86
1996-08-29,13.0,3.64,15.604,0.0,0,0.0,0.0,33.38
1996-08-30,7.9,2.411,8.46,0.0,0,0.0,0.0,20.9
1996-08-31,5.84,2.049,6.174,0.0,0,0.0,0.0,14.13
1996-09-01,4.89,1.873,5.062,2.4,8.8,4.8,0.0,11.17
1996-09-02,4.67,1.902,4.524,9.6,12.8,5.6,0.0,10.04
1996-09-03,4.63,1.983,4.1,0.0,0,0.8,0.8,10
1996-09-04,4.37,2.007,3.96,2.4,7.2,14.0,0.0,9.021
1996-09-05,4.08,1.89,3.932,0.0,0,0.0,0.0,8.54
1996-09-06,3.71,1.754,3.645,0.0,0,0.0,0.0,8.07
1996-09-07,3.51,1.713,3.58,0.0,0,0.0,0.0,7.754
1996-09-08,3.36,1.676,3.401,0.0,0,0.0,0.0,7.491
1996-09-09,3.24,1.66,3.228,0.0,0,0.0,0.0,7.281
1996-09-10,3.16,1.652,3.16,0.0,0,0.0,0.0,7.106
1996-09-11,3.1,1.633,3.238,0.8,2.4,4.8,1.6,7.065
1996-09-12,3.01,1.606,3.008,0.0,0,0.0,0.0,6.878
1996-09-13,2.87,1.55,2.88,0.0,0,0.0,0.0,6.452
1996-09-14,2.8,1.536,2.864,0.0,0,0.0,0.0,6.339
1996-09-15,2.75,1.541,2.812,0.0,0,0.0,0.0,6.254
1996-09-16,2.69,1.522,2.735,0.0,0,0.0,0.0,6.127
1996-09-17,2.62,1.504,2.699,0.0,0,0.0,0.0,6.02
1996-09-18,2.61,1.49,2.641,3.2,5.6,0.0,0.0,6.131
1996-09-19,2.6,1.488,2.658,0.8,2.4,0.8,8.0,5.944
1996-09-20,2.66,1.547,2.673,3.2,3.2,13.6,7.2,5.902
1996-09-21,2.67,1.571,2.631,0.8,0,0.0,0.0,5.961
1996-09-22,2.63,1.531,2.685,0.0,0,0.0,0.0,5.918
1996-09-23,2.6,1.539,2.696,0.0,0,0.0,0.0,5.828
1996-09-24,2.57,1.505,2.692,0.8,3.2,8.8,4.0,5.828
1996-09-25,2.65,1.543,2.63,0.8,3.2,5.6,6.4,5.945
1996-09-26,2.74,1.534,2.682,8.8,8,41.6,32.8,5.983
1996-09-27,2.78,1.649,2.669,1.6,0,14.4,1.6,5.956
1996-09-28,2.93,1.579,4.151,20.0,8,50.4,54.4,6.779
1996-09-29,20.5,2.676,65.227,30.4,9.6,96.0,74.4,51.87
1996-09-30,21.1,2.832,35.481,0.0,1.6,4.8,0.8,71.44
1996-10-01,9.08,2.019,14.85,4.0,0.8,7.2,0.8,32
1996-10-02,6.19,1.773,9.211,0.0,0,1.6,0.8,18.31
1996-10-03,4.82,1.694,12.559,19.2,5.6,32.0,52.0,13.85
1996-10-04,13.1,2.081,31.049,10.4,4.8,25.6,16.8,37.8
1996-10-05,11.8,2.982,19.642,0.8,0,0.0,0.0,36.52
1996-10-06,7.35,2.104,10.935,3.2,8,2.4,1.6,22.54
1996-10-07,5.74,1.956,8.369,0.0,0,3.2,1.6,16.22
1996-10-08,5.08,1.933,7.221,1.6,9.6,9.6,2.4,13.6
1996-10-09,4.73,1.939,6.513,0.0,0,6.4,0.0,12.07
1996-10-10,4.31,1.795,5.724,0.0,0,0.0,0.0,11.03
1996-10-11,3.92,1.713,5.062,0.0,0,0.0,0.0,9.606
1996-10-12,3.7,1.668,4.62,0.0,4,0.8,5.6,8.741
1996-10-13,3.5,1.661,4.364,0.0,0,0.0,0.0,8.164
1996-10-14,3.43,1.638,4.264,2.4,0.8,6.4,6.4,7.69
1996-10-15,3.49,1.812,4.412,10.4,18.8,20.0,18.4,7.715
1996-10-16,4.88,1.969,8.534,4.8,0.8,8.8,17.6,11.21
1996-10-17,8.33,1.838,11.855,0.0,0,0.8,0.0,17.71
1996-10-18,6.37,2.697,9.901,15.2,10.4,44.0,28.0,16.85
1996-10-19,9.13,2.824,17.65,1.6,6.4,3.2,4.0,23.62
1996-10-20,7.82,2.82,15.329,10.4,12.8,54.4,32.8,22.18
1996-10-21,9.79,4.987,28.486,0.0,0,0.0,0.0,37.14
1996-10-22,7.76,2.729,12.977,0.0,0,2.4,0.8,25.09
1996-10-23,5.8,2.262,9.317,0.0,0,0.0,0.0,16.65
1996-10-24,5.14,2.087,7.56,10.4,33.2,16.0,8.0,12.93
1996-10-25,5.28,2.873,8.121,5.6,3.2,8.0,11.2,12.55
1996-10-26,18.3,4.098,40.411,25.6,9.6,41.6,37.6,34.69
1996-10-27,40.1,4.699,56.899,20.8,12.8,44.8,36.0,80.15
1996-10-28,32.8,4.519,41.524,16.8,8,49.6,28.8,77.41
1996-10-29,29.2,4.715,34.34,0.0,6.4,0.8,3.2,67.79
1996-10-30,12.7,3.52,16.823,0.0,0,1.6,0.0,38.05
1996-10-31,9.03,3.366,18.124,5.6,0.8,37.6,31.2,24.68
1996-11-01,14.2,4.067,25.078,8.8,0,3.2,4.0,39.27
1996-11-02,19.3,3.474,26.473,6.4,0,8.0,8.0,37.38
1996-11-03,17.8,3.235,23.3,8.0,0.8,24.0,13.6,42.33
1996-11-04,23.5,4.901,36.965,33.6,16,89.2,62.4,49.2
1996-11-05,35.8,13.911,61.838,35.2,19.2,84.0,88.8,91.77
1996-11-06,69.5,23.755,111.075,23.2,23.2,32.8,17.6,154.4
1996-11-07,45.7,18.248,43.975,0.0,0,0.8,0.0,117.6
1996-11-08,17.5,9.113,25.22,13.6,4,30.4,9.6,59.85
1996-11-09,15.8,8.606,25.372,7.2,2.4,30.4,1.6,46.17
1996-11-10,13.3,7.022,18.681,0.0,0,1.6,0.0,39.79
1996-11-11,11.0,6.059,14.668,56.8,26.4,32.0,9.6,31.34
1996-11-12,59.9,10.404,53.074,22.4,23.2,29.6,9.6,78.98
1996-11-13,31.0,13.899,25.336,0.0,0,0.0,0.0,81.29
1996-11-14,14.9,12.495,17.109,0.8,4,7.2,2.4,45.83
1996-11-15,12.3,10.223,14.12,0.0,0,0.0,0.8,36.09
1996-11-16,10.5,6.645,12.06,1.6,6.4,9.6,6.4,27.91
1996-11-17,10.2,6.477,14.732,15.2,13.6,16.0,12.0,26.47
1996-11-18,12.9,4.464,16.044,0.0,0,0.0,0.0,31.63
1996-11-19,10.0,3.751,11.601,8.0,32,26.4,0.0,24.98
1996-11-20,12.9,10.157,14.254,32.8,36,20.8,0.0,29.56
1996-11-21,12.0,6.552,13.046,5.6,6.4,0.8,3.2,32.17
1996-11-22,10.7,6.438,13.007,23.6,14,32.8,12.8,26.12
1996-11-23,10.9,6.635,14.242,0.8,0,9.6,0.8,30.39
1996-11-24,9.68,5.189,11.872,9.6,26.4,44.0,20.0,26
1996-11-25,12.0,13.428,37.127,23.2,8,16.4,8.0,37.26
1996-11-26,41.4,26.014,46.587,0.0,14.4,17.6,0.0,100.2
1996-11-27,20.7,14.866,23.632,0.0,0,172.8,0.0,67.15
1996-11-28,14.2,6.06,16.733,0.8,5.6,137.2,21.6,38.86
1996-11-29,14.0,15.096,38.259,8.0,2.4,69.6,20.8,48.78
1996-11-30,27.7,14.626,46.76,1.6,0,19.2,5.6,73.56
1996-12-01,44.6,11.867,46.032,28.8,15.2,32.4,11.2,82.03
1996-12-02,59.0,12.96,45.474,5.6,0.8,152.8,34.4,105.5
1996-12-03,27.9,23.289,60.587,38.4,54.4,144.4,52.0,88.79
1996-12-04,56.0,25.597,66.234,26.4,0.8,75.2,16.0,134.8
1996-12-05,35.0,18.114,40.496,2.4,0,0.8,0.0,99.48
1996-12-06,19.6,13.466,25.387,0.8,0,78.0,0.0,63.44
1996-12-07,14.9,9.028,18.862,0.8,0,1.6,0.0,44.59
1996-12-08,14.4,8.244,16.734,0.0,0,3.2,0.0,37.22
1996-12-09,24.2,7.267,20.364,0.0,0,18.4,0.0,48.03
1996-12-10,17.1,5.188,15.661,0.0,0,0.0,0.0,39.46
1996-12-11,13.4,4.874,13.089,0.0,0,30.4,0.0,31.23
1996-12-12,12.1,4.665,11.688,4.8,5.6,0.0,0.0,27.67
1996-12-13,11.2,4.46,10.585,0.0,8.8,0.0,0.0,25.2
1996-12-14,9.94,4.239,9.455,0.0,0,9.6,4.0,22.72
1996-12-15,10.9,4.195,10.272,7.2,0.8,21.6,8.0,21.94
1996-12-16,12.7,4.065,12.377,6.4,2.4,17.6,3.2,27.14
1996-12-17,12.3,4.004,12.46,1.6,0,14.4,3.2,28.11
1996-12-18,11.3,5.387,13.225,24.0,42.4,40.0,20.0,26.62
1996-12-19,76.1,51.522,99.631,64.8,74.4,55.2,63.2,143.4
1996-12-20,90.5,67.316,68.354,12.0,0.8,23.2,12.8,220
1996-12-21,40.1,35.455,36.266,0.0,0,0.0,0.0,139.9
1996-12-22,21.7,20.256,24.552,0.0,0,0.0,0.0,80.7
1996-12-23,17.2,15.527,19.237,6.4,0,0.0,1.6,58.84
1996-12-24,14.9,11.158,16.356,0.0,0,0.0,0.0,46.48
1996-12-25,13.0,8.684,14.206,0.0,3.2,0.8,1.6,39.75
1996-12-26,11.7,6.075,12.671,0.0,0.8,0.0,0.0,33.06
1996-12-27,10.9,5.721,11.558,1.6,14.4,8.8,3.2,29.52
1996-12-28,11.1,5.486,11.411,11.2,11.2,4.8,4.8,28.67
1996-12-29,12.1,5.329,11.781,3.2,4.8,0.0,0.8,29.31
1996-12-30,15.8,6.177,14.255,12.8,6.4,5.6,4.0,34.28
1996-12-31,16.8,5.829,13.549,4.8,9.6,6.4,0.8,39.42
